#! /c/Source/iverilog-install/bin/vvp
:ivl_version "12.0 (devel)" "(s20150603-1539-g2693dd32b)";
:ivl_delay_selection "TYPICAL";
:vpi_time_precision - 12;
:vpi_module "D:\iverilog\lib\ivl\system.vpi";
:vpi_module "D:\iverilog\lib\ivl\vhdl_sys.vpi";
:vpi_module "D:\iverilog\lib\ivl\vhdl_textio.vpi";
:vpi_module "D:\iverilog\lib\ivl\v2005_math.vpi";
:vpi_module "D:\iverilog\lib\ivl\va_math.vpi";
S_000001f1e80acdb0 .scope module, "tb_ALU" "tb_ALU" 2 2;
 .timescale -9 -12;
P_000001f1e80f11a0 .param/l "ADD" 1 2 60, C4<001000>;
P_000001f1e80f11d8 .param/l "AND" 1 2 64, C4<000010>;
P_000001f1e80f1210 .param/l "DIV" 1 2 74, C4<001100>;
P_000001f1e80f1248 .param/l "DIVU" 1 2 75, C4<101100>;
P_000001f1e80f1280 .param/l "MUL" 1 2 70, C4<001010>;
P_000001f1e80f12b8 .param/l "MULH" 1 2 72, C4<001011>;
P_000001f1e80f12f0 .param/l "MULHU" 1 2 73, C4<101011>;
P_000001f1e80f1328 .param/l "MULU" 1 2 71, C4<101010>;
P_000001f1e80f1360 .param/l "OR" 1 2 63, C4<000001>;
P_000001f1e80f1398 .param/l "REM" 1 2 76, C4<001101>;
P_000001f1e80f13d0 .param/l "REMU" 1 2 77, C4<101101>;
P_000001f1e80f1408 .param/l "SLL" 1 2 65, C4<000100>;
P_000001f1e80f1440 .param/l "SLT" 1 2 68, C4<001111>;
P_000001f1e80f1478 .param/l "SLTU" 1 2 69, C4<101111>;
P_000001f1e80f14b0 .param/l "SRA" 1 2 67, C4<010000>;
P_000001f1e80f14e8 .param/l "SRL" 1 2 66, C4<000101>;
P_000001f1e80f1520 .param/l "SUB" 1 2 61, C4<001001>;
P_000001f1e80f1558 .param/l "XOR" 1 2 62, C4<000000>;
v000001f1e8235680_0 .var "ALUControl", 5 0;
v000001f1e82369e0_0 .net "busy", 0 0, L_000001f1e8287640;  1 drivers
v000001f1e8237160_0 .var "clk", 0 0;
v000001f1e82364e0_0 .var "dataA", 31 0;
v000001f1e8236c60_0 .var "dataB", 31 0;
v000001f1e8235720_0 .net "dataOut", 31 0, L_000001f1e829c440;  1 drivers
v000001f1e82357c0_0 .net "done", 0 0, L_000001f1e82876b0;  1 drivers
v000001f1e8235b80_0 .net "exceptionRaised", 0 0, L_000001f1e829c4e0;  1 drivers
v000001f1e82361c0_0 .var "pushNewALU", 0 0;
v000001f1e8235f40_0 .var "reset", 0 0;
S_000001f1e80acf40 .scope task, "drive_alu" "drive_alu" 2 36, 2 36 0, S_000001f1e80acdb0;
 .timescale -9 -12;
v000001f1e81ae680_0 .var "ctrl", 5 0;
v000001f1e81afbc0_0 .var "dataAInp", 31 0;
v000001f1e81aee00_0 .var "dataBInp", 31 0;
E_000001f1e819e0c0 .event negedge, v000001f1e821e190_0;
E_000001f1e819e900 .event posedge, v000001f1e821e190_0;
TD_tb_ALU.drive_alu ;
    %wait E_000001f1e819e0c0;
    %pushi/vec4 1, 0, 1;
    %store/vec4 v000001f1e82361c0_0, 0, 1;
    %load/vec4 v000001f1e81afbc0_0;
    %store/vec4 v000001f1e82364e0_0, 0, 32;
    %load/vec4 v000001f1e81aee00_0;
    %store/vec4 v000001f1e8236c60_0, 0, 32;
    %load/vec4 v000001f1e81ae680_0;
    %store/vec4 v000001f1e8235680_0, 0, 6;
    %wait E_000001f1e819e900;
    %wait E_000001f1e819e0c0;
    %pushi/vec4 0, 0, 1;
    %store/vec4 v000001f1e82361c0_0, 0, 1;
    %end;
S_000001f1e80de390 .scope module, "dut" "ALU" 2 13, 3 8 0, S_000001f1e80acdb0;
 .timescale -9 -12;
    .port_info 0 /INPUT 1 "clk";
    .port_info 1 /INPUT 1 "reset";
    .port_info 2 /INPUT 32 "dataA";
    .port_info 3 /INPUT 32 "dataB";
    .port_info 4 /INPUT 6 "ALUControl";
    .port_info 5 /INPUT 1 "pushNewALU";
    .port_info 6 /OUTPUT 1 "busy";
    .port_info 7 /OUTPUT 1 "done";
    .port_info 8 /OUTPUT 32 "dataOut";
    .port_info 9 /OUTPUT 1 "exceptionRaised";
P_000001f1e821c3c0 .param/l "ADD" 1 3 21, C4<001000>;
P_000001f1e821c3f8 .param/l "ALU_CONTROL_BITS" 0 3 9, +C4<00000000000000000000000000000110>;
P_000001f1e821c430 .param/l "AND" 1 3 25, C4<000010>;
P_000001f1e821c468 .param/l "DIV" 1 3 35, C4<001100>;
P_000001f1e821c4a0 .param/l "DIVU" 1 3 36, C4<101100>;
P_000001f1e821c4d8 .param/l "FADD" 1 3 39, C4<011000>;
P_000001f1e821c510 .param/l "FCTI" 1 3 44, C4<010001>;
P_000001f1e821c548 .param/l "FDIV" 1 3 42, C4<011100>;
P_000001f1e821c580 .param/l "FMUL" 1 3 41, C4<011010>;
P_000001f1e821c5b8 .param/l "FSLT" 1 3 43, C4<011111>;
P_000001f1e821c5f0 .param/l "FSUB" 1 3 40, C4<011001>;
P_000001f1e821c628 .param/l "ICTF" 1 3 45, C4<010010>;
P_000001f1e821c660 .param/l "MUL" 1 3 31, C4<001010>;
P_000001f1e821c698 .param/l "MULH" 1 3 33, C4<001011>;
P_000001f1e821c6d0 .param/l "MULHU" 1 3 34, C4<101011>;
P_000001f1e821c708 .param/l "MULU" 1 3 32, C4<101010>;
P_000001f1e821c740 .param/l "OR" 1 3 24, C4<000001>;
P_000001f1e821c778 .param/l "REM" 1 3 37, C4<001101>;
P_000001f1e821c7b0 .param/l "REMU" 1 3 38, C4<101101>;
P_000001f1e821c7e8 .param/l "SLL" 1 3 26, C4<000100>;
P_000001f1e821c820 .param/l "SLT" 1 3 29, C4<001111>;
P_000001f1e821c858 .param/l "SLTU" 1 3 30, C4<101111>;
P_000001f1e821c890 .param/l "SRA" 1 3 28, C4<010000>;
P_000001f1e821c8c8 .param/l "SRL" 1 3 27, C4<000101>;
P_000001f1e821c900 .param/l "SUB" 1 3 22, C4<001001>;
P_000001f1e821c938 .param/l "XOR" 1 3 23, C4<000000>;
L_000001f1e8185810 .functor OR 1, L_000001f1e8235e00, L_000001f1e8237200, C4<0>, C4<0>;
L_000001f1e8185650 .functor AND 1, L_000001f1e8236a80, L_000001f1e8185810, C4<1>, C4<1>;
L_000001f1e81856c0 .functor OR 1, L_000001f1e8237ca0, L_000001f1e82375c0, C4<0>, C4<0>;
L_000001f1e8184230 .functor AND 1, L_000001f1e8236bc0, L_000001f1e81856c0, C4<1>, C4<1>;
L_000001f1e810def0 .functor AND 1, L_000001f1e8184230, L_000001f1e8235d60, C4<1>, C4<1>;
L_000001f1e81853b0 .functor AND 1, L_000001f1e8237480, L_000001f1e82372a0, C4<1>, C4<1>;
L_000001f1e81368c0 .functor AND 1, L_000001f1e8237480, L_000001f1e8237980, C4<1>, C4<1>;
L_000001f1e8286920 .functor OR 1, L_000001f1e8235860, L_000001f1e8235fe0, C4<0>, C4<0>;
L_000001f1e8286760 .functor AND 1, L_000001f1e8237480, L_000001f1e8286920, C4<1>, C4<1>;
L_000001f1e8287800 .functor AND 1, L_000001f1e8237c00, L_000001f1e82359a0, C4<1>, C4<1>;
L_000001f1e8286df0 .functor AND 1, L_000001f1e8287800, L_000001f1e8235ae0, C4<1>, C4<1>;
L_000001f1e8286220 .functor AND 1, L_000001f1e8286df0, L_000001f1e82382e0, C4<1>, C4<1>;
L_000001f1e82872c0 .functor AND 1, v000001f1e82361c0_0, L_000001f1e8185650, C4<1>, C4<1>;
L_000001f1e8287100 .functor AND 1, v000001f1e82361c0_0, L_000001f1e810def0, C4<1>, C4<1>;
L_000001f1e8286ae0 .functor AND 1, v000001f1e82361c0_0, L_000001f1e81853b0, C4<1>, C4<1>;
L_000001f1e8287090 .functor AND 1, v000001f1e82361c0_0, L_000001f1e81368c0, C4<1>, C4<1>;
L_000001f1e8286c30 .functor BUFZ 32, v000001f1e82364e0_0, C4<00000000000000000000000000000000>, C4<00000000000000000000000000000000>, C4<00000000000000000000000000000000>;
L_000001f1e82873a0 .functor BUFZ 32, v000001f1e8236c60_0, C4<00000000000000000000000000000000>, C4<00000000000000000000000000000000>, C4<00000000000000000000000000000000>;
L_000001f1e82861b0 .functor BUFZ 32, v000001f1e82364e0_0, C4<00000000000000000000000000000000>, C4<00000000000000000000000000000000>, C4<00000000000000000000000000000000>;
L_000001f1e8286290 .functor BUFZ 32, v000001f1e8236c60_0, C4<00000000000000000000000000000000>, C4<00000000000000000000000000000000>, C4<00000000000000000000000000000000>;
L_000001f1e82878e0 .functor NOT 1, L_000001f1e8298e80, C4<0>, C4<0>, C4<0>;
L_000001f1e82866f0 .functor XOR 32, v000001f1e82364e0_0, v000001f1e8236c60_0, C4<00000000000000000000000000000000>, C4<00000000000000000000000000000000>;
L_000001f1e8286a70 .functor OR 32, v000001f1e82364e0_0, v000001f1e8236c60_0, C4<00000000000000000000000000000000>, C4<00000000000000000000000000000000>;
L_000001f1e8287170 .functor AND 32, v000001f1e82364e0_0, v000001f1e8236c60_0, C4<11111111111111111111111111111111>, C4<11111111111111111111111111111111>;
L_000001f1e82871e0 .functor AND 1, L_000001f1e8185650, v000001f1e822da40_0, C4<1>, C4<1>;
L_000001f1e8286d80 .functor AND 1, L_000001f1e810def0, v000001f1e821dab0_0, C4<1>, C4<1>;
L_000001f1e8287330 .functor OR 1, L_000001f1e82871e0, L_000001f1e8286d80, C4<0>, C4<0>;
L_000001f1e8287410 .functor AND 1, L_000001f1e81853b0, v000001f1e822d4a0_0, C4<1>, C4<1>;
L_000001f1e82868b0 .functor OR 1, L_000001f1e8287330, L_000001f1e8287410, C4<0>, C4<0>;
L_000001f1e8286610 .functor AND 1, L_000001f1e81368c0, v000001f1e8228630_0, C4<1>, C4<1>;
L_000001f1e8287480 .functor OR 1, L_000001f1e82868b0, L_000001f1e8286610, C4<0>, C4<0>;
L_000001f1e8287560 .functor OR 1, v000001f1e822e800_0, v000001f1e821d330_0, C4<0>, C4<0>;
L_000001f1e82875d0 .functor OR 1, L_000001f1e8287560, v000001f1e822d860_0, C4<0>, C4<0>;
L_000001f1e8287640 .functor OR 1, L_000001f1e82875d0, v000001f1e8227e10_0, C4<0>, C4<0>;
L_000001f1e82876b0 .functor OR 1, v000001f1e8234640_0, L_000001f1e8287480, C4<0>, C4<0>;
L_000001f1e8286680 .functor AND 1, L_000001f1e8287480, v000001f1e8236120_0, C4<1>, C4<1>;
v000001f1e822ee40_0 .net "ALUControl", 5 0, v000001f1e8235680_0;  1 drivers
L_000001f1e823de48 .functor BUFT 1, C4<010>, C4<0>, C4<0>, C4<0>;
v000001f1e822eee0_0 .net/2u *"_ivl_10", 2 0, L_000001f1e823de48;  1 drivers
L_000001f1e823e280 .functor BUFT 1, C4<011001>, C4<0>, C4<0>, C4<0>;
v000001f1e822dae0_0 .net/2u *"_ivl_106", 5 0, L_000001f1e823e280;  1 drivers
v000001f1e822db80_0 .net *"_ivl_111", 0 0, L_000001f1e823d060;  1 drivers
v000001f1e822e260_0 .net *"_ivl_113", 0 0, L_000001f1e823d1a0;  1 drivers
v000001f1e8232fc0_0 .net *"_ivl_114", 0 0, L_000001f1e823cfc0;  1 drivers
L_000001f1e823f510 .functor BUFT 1, C4<1>, C4<0>, C4<0>, C4<0>;
v000001f1e8232980_0 .net/2u *"_ivl_116", 0 0, L_000001f1e823f510;  1 drivers
v000001f1e8231da0_0 .net *"_ivl_119", 0 0, L_000001f1e823d240;  1 drivers
v000001f1e8231bc0_0 .net *"_ivl_12", 0 0, L_000001f1e8235e00;  1 drivers
v000001f1e8233380_0 .net *"_ivl_121", 0 0, L_000001f1e823d4c0;  1 drivers
v000001f1e8232020_0 .net *"_ivl_122", 0 0, L_000001f1e823cf20;  1 drivers
L_000001f1e823f558 .functor BUFT 1, C4<0>, C4<0>, C4<0>, C4<0>;
v000001f1e8231760_0 .net/2u *"_ivl_124", 0 0, L_000001f1e823f558;  1 drivers
v000001f1e8231b20_0 .net *"_ivl_127", 30 0, L_000001f1e823ce80;  1 drivers
v000001f1e8233100_0 .net *"_ivl_129", 30 0, L_000001f1e823d2e0;  1 drivers
v000001f1e82313a0_0 .net *"_ivl_130", 0 0, L_000001f1e823d380;  1 drivers
v000001f1e8233740_0 .net *"_ivl_133", 0 0, L_000001f1e8298fc0;  1 drivers
v000001f1e8232de0_0 .net *"_ivl_135", 0 0, L_000001f1e8298e80;  1 drivers
v000001f1e8232e80_0 .net *"_ivl_136", 0 0, L_000001f1e82878e0;  1 drivers
v000001f1e8231a80_0 .net *"_ivl_138", 0 0, L_000001f1e8299060;  1 drivers
v000001f1e82336a0_0 .net *"_ivl_140", 0 0, L_000001f1e829a1e0;  1 drivers
v000001f1e82337e0_0 .net *"_ivl_15", 2 0, L_000001f1e8236b20;  1 drivers
v000001f1e82318a0_0 .net *"_ivl_155", 4 0, L_000001f1e829bfe0;  1 drivers
v000001f1e82331a0_0 .net *"_ivl_159", 4 0, L_000001f1e829b220;  1 drivers
L_000001f1e823de90 .functor BUFT 1, C4<011>, C4<0>, C4<0>, C4<0>;
v000001f1e8231ee0_0 .net/2u *"_ivl_16", 2 0, L_000001f1e823de90;  1 drivers
v000001f1e82339c0_0 .net *"_ivl_163", 4 0, L_000001f1e829b680;  1 drivers
L_000001f1e823fe10 .functor BUFT 1, C4<0000000000000000000000000000000>, C4<0>, C4<0>, C4<0>;
v000001f1e8231260_0 .net/2u *"_ivl_166", 30 0, L_000001f1e823fe10;  1 drivers
v000001f1e8231940_0 .net *"_ivl_168", 0 0, L_000001f1e829ce40;  1 drivers
L_000001f1e823fe58 .functor BUFT 1, C4<0000000000000000000000000000000>, C4<0>, C4<0>, C4<0>;
v000001f1e8233240_0 .net/2u *"_ivl_172", 30 0, L_000001f1e823fe58;  1 drivers
v000001f1e8231620_0 .net *"_ivl_174", 0 0, L_000001f1e829c800;  1 drivers
v000001f1e8233560_0 .net *"_ivl_179", 0 0, L_000001f1e82871e0;  1 drivers
v000001f1e82320c0_0 .net *"_ivl_18", 0 0, L_000001f1e8237200;  1 drivers
v000001f1e8232d40_0 .net *"_ivl_181", 0 0, L_000001f1e8286d80;  1 drivers
v000001f1e82322a0_0 .net *"_ivl_183", 0 0, L_000001f1e8287330;  1 drivers
v000001f1e82327a0_0 .net *"_ivl_185", 0 0, L_000001f1e8287410;  1 drivers
v000001f1e8232660_0 .net *"_ivl_187", 0 0, L_000001f1e82868b0;  1 drivers
v000001f1e82332e0_0 .net *"_ivl_189", 0 0, L_000001f1e8286610;  1 drivers
v000001f1e82334c0_0 .net *"_ivl_193", 0 0, L_000001f1e8287560;  1 drivers
v000001f1e8232ac0_0 .net *"_ivl_195", 0 0, L_000001f1e82875d0;  1 drivers
v000001f1e8232c00_0 .net *"_ivl_203", 0 0, L_000001f1e8286680;  1 drivers
v000001f1e8232700_0 .net *"_ivl_21", 0 0, L_000001f1e8185810;  1 drivers
v000001f1e8231440_0 .net *"_ivl_25", 0 0, L_000001f1e8236bc0;  1 drivers
v000001f1e8232340_0 .net *"_ivl_27", 2 0, L_000001f1e8236d00;  1 drivers
L_000001f1e823ded8 .functor BUFT 1, C4<100>, C4<0>, C4<0>, C4<0>;
v000001f1e8233420_0 .net/2u *"_ivl_28", 2 0, L_000001f1e823ded8;  1 drivers
v000001f1e8231300_0 .net *"_ivl_30", 0 0, L_000001f1e8237ca0;  1 drivers
v000001f1e8232480_0 .net *"_ivl_33", 2 0, L_000001f1e8236da0;  1 drivers
L_000001f1e823df20 .functor BUFT 1, C4<101>, C4<0>, C4<0>, C4<0>;
v000001f1e8233600_0 .net/2u *"_ivl_34", 2 0, L_000001f1e823df20;  1 drivers
v000001f1e82314e0_0 .net *"_ivl_36", 0 0, L_000001f1e82375c0;  1 drivers
v000001f1e8232160_0 .net *"_ivl_39", 0 0, L_000001f1e81856c0;  1 drivers
v000001f1e8232200_0 .net *"_ivl_41", 0 0, L_000001f1e8184230;  1 drivers
v000001f1e8231c60_0 .net *"_ivl_45", 2 0, L_000001f1e8235c20;  1 drivers
L_000001f1e823df68 .functor BUFT 1, C4<010>, C4<0>, C4<0>, C4<0>;
v000001f1e8231f80_0 .net/2u *"_ivl_46", 2 0, L_000001f1e823df68;  1 drivers
v000001f1e8231e40_0 .net *"_ivl_48", 0 0, L_000001f1e82372a0;  1 drivers
v000001f1e8231d00_0 .net *"_ivl_53", 2 0, L_000001f1e8237660;  1 drivers
L_000001f1e823dfb0 .functor BUFT 1, C4<100>, C4<0>, C4<0>, C4<0>;
v000001f1e82323e0_0 .net/2u *"_ivl_54", 2 0, L_000001f1e823dfb0;  1 drivers
v000001f1e8231580_0 .net *"_ivl_56", 0 0, L_000001f1e8237980;  1 drivers
v000001f1e8232a20_0 .net *"_ivl_61", 2 0, L_000001f1e8235ea0;  1 drivers
L_000001f1e823dff8 .functor BUFT 1, C4<000>, C4<0>, C4<0>, C4<0>;
v000001f1e8233880_0 .net/2u *"_ivl_62", 2 0, L_000001f1e823dff8;  1 drivers
v000001f1e8233920_0 .net *"_ivl_64", 0 0, L_000001f1e8235860;  1 drivers
v000001f1e8232520_0 .net *"_ivl_67", 2 0, L_000001f1e8235900;  1 drivers
L_000001f1e823e040 .functor BUFT 1, C4<001>, C4<0>, C4<0>, C4<0>;
v000001f1e82325c0_0 .net/2u *"_ivl_68", 2 0, L_000001f1e823e040;  1 drivers
v000001f1e82316c0_0 .net *"_ivl_7", 0 0, L_000001f1e8236a80;  1 drivers
v000001f1e8232840_0 .net *"_ivl_70", 0 0, L_000001f1e8235fe0;  1 drivers
v000001f1e8231800_0 .net *"_ivl_73", 0 0, L_000001f1e8286920;  1 drivers
v000001f1e8232b60_0 .net *"_ivl_77", 0 0, L_000001f1e8237c00;  1 drivers
v000001f1e82328e0_0 .net *"_ivl_79", 0 0, L_000001f1e82359a0;  1 drivers
v000001f1e8233060_0 .net *"_ivl_81", 0 0, L_000001f1e8287800;  1 drivers
v000001f1e82319e0_0 .net *"_ivl_83", 0 0, L_000001f1e8235ae0;  1 drivers
v000001f1e8232ca0_0 .net *"_ivl_85", 0 0, L_000001f1e8286df0;  1 drivers
v000001f1e8232f20_0 .net *"_ivl_87", 0 0, L_000001f1e82382e0;  1 drivers
v000001f1e8234140_0 .net *"_ivl_9", 2 0, L_000001f1e82370c0;  1 drivers
v000001f1e82343c0_0 .net "addOut", 31 0, L_000001f1e829d8e0;  1 drivers
v000001f1e8234a00_0 .net "andOut", 31 0, L_000001f1e8287170;  1 drivers
v000001f1e82341e0_0 .net "busy", 0 0, L_000001f1e8287640;  alias, 1 drivers
v000001f1e8234fa0_0 .net "clk", 0 0, v000001f1e8237160_0;  1 drivers
v000001f1e8233d80_0 .net "dataA", 31 0, v000001f1e82364e0_0;  1 drivers
v000001f1e82350e0_0 .net "dataB", 31 0, v000001f1e8236c60_0;  1 drivers
v000001f1e8235040_0 .net "dataOut", 31 0, L_000001f1e829c440;  alias, 1 drivers
v000001f1e8234280_0 .net "divBusy", 0 0, v000001f1e821d330_0;  1 drivers
v000001f1e8234000_0 .net "divDone", 0 0, v000001f1e821dab0_0;  1 drivers
v000001f1e8233f60_0 .net "divException", 0 0, v000001f1e821e230_0;  1 drivers
v000001f1e8234320_0 .net "divInA", 31 0, L_000001f1e82861b0;  1 drivers
v000001f1e82346e0_0 .net "divInB", 31 0, L_000001f1e8286290;  1 drivers
v000001f1e8233a60_0 .net "divPushNewData", 0 0, L_000001f1e8287100;  1 drivers
v000001f1e8234500_0 .net "done", 0 0, L_000001f1e82876b0;  alias, 1 drivers
v000001f1e8233c40_0 .net "exceptionRaised", 0 0, L_000001f1e829c4e0;  alias, 1 drivers
v000001f1e8234640_0 .var "fastDone_r", 0 0;
v000001f1e8233e20_0 .var "fastException_r", 0 0;
v000001f1e8234460_0 .var "fastResult", 31 0;
v000001f1e8234780_0 .var "fastResult_r", 31 0;
v000001f1e82345a0_0 .net "fpAddDataOut", 31 0, L_000001f1e823d560;  1 drivers
v000001f1e8233ec0_0 .net "fpAddException", 0 0, L_000001f1e8286060;  1 drivers
v000001f1e8234e60_0 .net "fpDivBusy", 0 0, v000001f1e8227e10_0;  1 drivers
v000001f1e8234960_0 .net "fpDivDone", 0 0, v000001f1e8228630_0;  1 drivers
v000001f1e8234820_0 .net "fpDivException", 0 0, v000001f1e82284f0_0;  1 drivers
v000001f1e82340a0_0 .net "fpDivOut", 31 0, v000001f1e82297b0_0;  1 drivers
v000001f1e82348c0_0 .net "fpMultBusy", 0 0, v000001f1e822d860_0;  1 drivers
v000001f1e8233ce0_0 .net "fpMultDone", 0 0, v000001f1e822d4a0_0;  1 drivers
v000001f1e8234aa0_0 .net "fpMultOut", 31 0, v000001f1e822c500_0;  1 drivers
v000001f1e8234b40_0 .net "fpPushNewDiv", 0 0, L_000001f1e8287090;  1 drivers
v000001f1e8234be0_0 .net "fpPushNewMult", 0 0, L_000001f1e8286ae0;  1 drivers
v000001f1e8234c80_0 .net "fpSltRes", 0 0, L_000001f1e829a820;  1 drivers
v000001f1e8234d20_0 .net "fpToIntException", 0 0, L_000001f1e8298c00;  1 drivers
v000001f1e8234dc0_0 .net "fpToIntOut", 31 0, L_000001f1e829d700;  1 drivers
v000001f1e8234f00_0 .net "intToFpOut", 31 0, L_000001f1e829c9e0;  1 drivers
v000001f1e8233b00_0 .net "isDiv", 0 0, L_000001f1e810def0;  1 drivers
v000001f1e8233ba0_0 .net "isFP", 0 0, L_000001f1e8237480;  1 drivers
v000001f1e8235cc0_0 .net "isFPAdd", 0 0, L_000001f1e8286760;  1 drivers
v000001f1e8237b60_0 .net "isFPDiv", 0 0, L_000001f1e81368c0;  1 drivers
v000001f1e82366c0_0 .net "isFPMul", 0 0, L_000001f1e81853b0;  1 drivers
v000001f1e8236ee0_0 .net "isFastOp", 0 0, L_000001f1e8286220;  1 drivers
v000001f1e82377a0_0 .var "isFastOp_r", 0 0;
v000001f1e8236620_0 .net "isInt", 0 0, L_000001f1e8235d60;  1 drivers
v000001f1e8237520_0 .net "isMult", 0 0, L_000001f1e8185650;  1 drivers
v000001f1e8237d40_0 .net "is_sub", 0 0, L_000001f1e8239820;  1 drivers
v000001f1e8236760_0 .net "multBusy", 0 0, v000001f1e822e800_0;  1 drivers
v000001f1e8236800_0 .net "multDone", 0 0, v000001f1e822da40_0;  1 drivers
v000001f1e8237020_0 .net "multInA", 31 0, L_000001f1e8286c30;  1 drivers
v000001f1e82368a0_0 .net "multInB", 31 0, L_000001f1e82873a0;  1 drivers
v000001f1e8237700_0 .net "multOut", 63 0, v000001f1e822df40_0;  1 drivers
v000001f1e8237de0_0 .net "multPushNewData", 0 0, L_000001f1e82872c0;  1 drivers
v000001f1e8236940_0 .net "orOut", 31 0, L_000001f1e8286a70;  1 drivers
v000001f1e8237a20_0 .net "pushNewALU", 0 0, v000001f1e82361c0_0;  1 drivers
v000001f1e8236080_0 .net "quoOut", 31 0, v000001f1e821ced0_0;  1 drivers
v000001f1e8236580_0 .net "remOut", 31 0, v000001f1e821d970_0;  1 drivers
v000001f1e8236440_0 .net "reset", 0 0, v000001f1e8235f40_0;  1 drivers
v000001f1e8235a40_0 .net "sOrU", 0 0, L_000001f1e8237340;  1 drivers
v000001f1e8236300_0 .net "sllOut", 31 0, L_000001f1e829d7a0;  1 drivers
v000001f1e8236260_0 .net "slowDone", 0 0, L_000001f1e8287480;  1 drivers
v000001f1e8236120_0 .var "slowException", 0 0;
v000001f1e8236e40_0 .var "slowResult", 31 0;
v000001f1e82373e0_0 .net "sltOut", 31 0, L_000001f1e829d840;  1 drivers
v000001f1e8236f80_0 .net "sltuOut", 31 0, L_000001f1e829c120;  1 drivers
v000001f1e8237840_0 .net "sraOut", 31 0, L_000001f1e829bea0;  1 drivers
v000001f1e8237ac0_0 .net "srlOut", 31 0, L_000001f1e829b5e0;  1 drivers
v000001f1e82363a0_0 .net "subOut", 31 0, L_000001f1e829b400;  1 drivers
v000001f1e82378e0_0 .net "xorOut", 31 0, L_000001f1e82866f0;  1 drivers
E_000001f1e819e000/0 .event anyedge, v000001f1e822ee40_0, v000001f1e822df40_0, v000001f1e8237520_0, v000001f1e821d970_0;
E_000001f1e819e000/1 .event anyedge, v000001f1e821ced0_0, v000001f1e821e230_0, v000001f1e8233b00_0, v000001f1e822c500_0;
E_000001f1e819e000/2 .event anyedge, v000001f1e82366c0_0, v000001f1e82297b0_0, v000001f1e82284f0_0, v000001f1e8237b60_0;
E_000001f1e819e000 .event/or E_000001f1e819e000/0, E_000001f1e819e000/1, E_000001f1e819e000/2;
E_000001f1e819e9c0/0 .event anyedge, v000001f1e822ee40_0, v000001f1e82343c0_0, v000001f1e82363a0_0, v000001f1e82378e0_0;
E_000001f1e819e9c0/1 .event anyedge, v000001f1e8236940_0, v000001f1e8234a00_0, v000001f1e8236300_0, v000001f1e8237ac0_0;
E_000001f1e819e9c0/2 .event anyedge, v000001f1e8237840_0, v000001f1e82373e0_0, v000001f1e8236f80_0, v000001f1e822a610_0;
E_000001f1e819e9c0/3 .event anyedge, v000001f1e8234c80_0, v000001f1e821e730_0, v000001f1e822cfa0_0;
E_000001f1e819e9c0 .event/or E_000001f1e819e9c0/0, E_000001f1e819e9c0/1, E_000001f1e819e9c0/2, E_000001f1e819e9c0/3;
L_000001f1e8237340 .part v000001f1e8235680_0, 5, 1;
L_000001f1e8237480 .part v000001f1e8235680_0, 4, 1;
L_000001f1e8235d60 .part v000001f1e8235680_0, 3, 1;
L_000001f1e8236a80 .reduce/nor L_000001f1e8237480;
L_000001f1e82370c0 .part v000001f1e8235680_0, 0, 3;
L_000001f1e8235e00 .cmp/eq 3, L_000001f1e82370c0, L_000001f1e823de48;
L_000001f1e8236b20 .part v000001f1e8235680_0, 0, 3;
L_000001f1e8237200 .cmp/eq 3, L_000001f1e8236b20, L_000001f1e823de90;
L_000001f1e8236bc0 .reduce/nor L_000001f1e8237480;
L_000001f1e8236d00 .part v000001f1e8235680_0, 0, 3;
L_000001f1e8237ca0 .cmp/eq 3, L_000001f1e8236d00, L_000001f1e823ded8;
L_000001f1e8236da0 .part v000001f1e8235680_0, 0, 3;
L_000001f1e82375c0 .cmp/eq 3, L_000001f1e8236da0, L_000001f1e823df20;
L_000001f1e8235c20 .part v000001f1e8235680_0, 0, 3;
L_000001f1e82372a0 .cmp/eq 3, L_000001f1e8235c20, L_000001f1e823df68;
L_000001f1e8237660 .part v000001f1e8235680_0, 0, 3;
L_000001f1e8237980 .cmp/eq 3, L_000001f1e8237660, L_000001f1e823dfb0;
L_000001f1e8235ea0 .part v000001f1e8235680_0, 0, 3;
L_000001f1e8235860 .cmp/eq 3, L_000001f1e8235ea0, L_000001f1e823dff8;
L_000001f1e8235900 .part v000001f1e8235680_0, 0, 3;
L_000001f1e8235fe0 .cmp/eq 3, L_000001f1e8235900, L_000001f1e823e040;
L_000001f1e8237c00 .reduce/nor L_000001f1e8185650;
L_000001f1e82359a0 .reduce/nor L_000001f1e810def0;
L_000001f1e8235ae0 .reduce/nor L_000001f1e81853b0;
L_000001f1e82382e0 .reduce/nor L_000001f1e81368c0;
L_000001f1e8239820 .cmp/eq 6, v000001f1e8235680_0, L_000001f1e823e280;
L_000001f1e823d060 .part v000001f1e82364e0_0, 31, 1;
L_000001f1e823d1a0 .part v000001f1e8236c60_0, 31, 1;
L_000001f1e823cfc0 .cmp/gt 1, L_000001f1e823d060, L_000001f1e823d1a0;
L_000001f1e823d240 .part v000001f1e82364e0_0, 31, 1;
L_000001f1e823d4c0 .part v000001f1e8236c60_0, 31, 1;
L_000001f1e823cf20 .cmp/gt 1, L_000001f1e823d4c0, L_000001f1e823d240;
L_000001f1e823ce80 .part v000001f1e82364e0_0, 0, 31;
L_000001f1e823d2e0 .part v000001f1e8236c60_0, 0, 31;
L_000001f1e823d380 .cmp/gt 31, L_000001f1e823ce80, L_000001f1e823d2e0;
L_000001f1e8298fc0 .part v000001f1e82364e0_0, 31, 1;
L_000001f1e8298e80 .part v000001f1e82364e0_0, 31, 1;
L_000001f1e8299060 .functor MUXZ 1, L_000001f1e82878e0, L_000001f1e8298fc0, L_000001f1e823d380, C4<>;
L_000001f1e829a1e0 .functor MUXZ 1, L_000001f1e8299060, L_000001f1e823f558, L_000001f1e823cf20, C4<>;
L_000001f1e829a820 .functor MUXZ 1, L_000001f1e829a1e0, L_000001f1e823f510, L_000001f1e823cfc0, C4<>;
L_000001f1e829d8e0 .arith/sum 32, v000001f1e82364e0_0, v000001f1e8236c60_0;
L_000001f1e829b400 .arith/sub 32, v000001f1e82364e0_0, v000001f1e8236c60_0;
L_000001f1e829bfe0 .part v000001f1e8236c60_0, 0, 5;
L_000001f1e829d7a0 .shift/l 32, v000001f1e82364e0_0, L_000001f1e829bfe0;
L_000001f1e829b220 .part v000001f1e8236c60_0, 0, 5;
L_000001f1e829b5e0 .shift/r 32, v000001f1e82364e0_0, L_000001f1e829b220;
L_000001f1e829b680 .part v000001f1e8236c60_0, 0, 5;
L_000001f1e829bea0 .shift/rs 32, v000001f1e82364e0_0, L_000001f1e829b680;
L_000001f1e829ce40 .cmp/gt.s 32, v000001f1e8236c60_0, v000001f1e82364e0_0;
L_000001f1e829d840 .concat [ 1 31 0 0], L_000001f1e829ce40, L_000001f1e823fe10;
L_000001f1e829c800 .cmp/gt 32, v000001f1e8236c60_0, v000001f1e82364e0_0;
L_000001f1e829c120 .concat [ 1 31 0 0], L_000001f1e829c800, L_000001f1e823fe58;
L_000001f1e829c440 .functor MUXZ 32, v000001f1e8236e40_0, v000001f1e8234780_0, v000001f1e8234640_0, C4<>;
L_000001f1e829c4e0 .functor MUXZ 1, L_000001f1e8286680, v000001f1e8233e20_0, v000001f1e8234640_0, C4<>;
S_000001f1e80de520 .scope module, "divider_inst" "divider" 3 84, 4 1 0, S_000001f1e80de390;
 .timescale -9 -12;
    .port_info 0 /INPUT 1 "clk";
    .port_info 1 /INPUT 1 "reset";
    .port_info 2 /INPUT 32 "dataA";
    .port_info 3 /INPUT 32 "dataB";
    .port_info 4 /INPUT 1 "pushNewDiv";
    .port_info 5 /INPUT 1 "signed_mode";
    .port_info 6 /OUTPUT 32 "quoOut";
    .port_info 7 /OUTPUT 32 "remOut";
    .port_info 8 /OUTPUT 1 "busy";
    .port_info 9 /OUTPUT 1 "done";
    .port_info 10 /OUTPUT 1 "exceptionRaised";
P_000001f1e80fddc0 .param/l "COMPUTE" 1 4 24, C4<1>;
P_000001f1e80fddf8 .param/l "IDLE" 1 4 23, C4<0>;
P_000001f1e80fde30 .param/l "WIDTH" 0 4 2, +C4<00000000000000000000000000100000>;
L_000001f1e82864c0 .functor AND 1, L_000001f1e8237340, L_000001f1e8237fc0, C4<1>, C4<1>;
L_000001f1e8286e60 .functor AND 1, L_000001f1e82864c0, L_000001f1e823a4a0, C4<1>, C4<1>;
v000001f1e818c560_0 .net *"_ivl_0", 63 0, L_000001f1e82390a0;  1 drivers
L_000001f1e823e1a8 .functor BUFT 1, C4<00000000000000000000000000000000>, C4<0>, C4<0>, C4<0>;
v000001f1e818be80_0 .net/2u *"_ivl_12", 31 0, L_000001f1e823e1a8;  1 drivers
L_000001f1e823e1f0 .functor BUFT 1, C4<10000000000000000000000000000000>, C4<0>, C4<0>, C4<0>;
v000001f1e818b2a0_0 .net/2u *"_ivl_16", 31 0, L_000001f1e823e1f0;  1 drivers
v000001f1e818b840_0 .net *"_ivl_18", 0 0, L_000001f1e8237fc0;  1 drivers
v000001f1e813d940_0 .net *"_ivl_2", 62 0, L_000001f1e82389c0;  1 drivers
v000001f1e813e5c0_0 .net *"_ivl_21", 0 0, L_000001f1e82864c0;  1 drivers
L_000001f1e823e238 .functor BUFT 1, C4<11111111111111111111111111111111>, C4<0>, C4<0>, C4<0>;
v000001f1e821e690_0 .net/2u *"_ivl_22", 31 0, L_000001f1e823e238;  1 drivers
v000001f1e821ca70_0 .net *"_ivl_24", 0 0, L_000001f1e823a4a0;  1 drivers
L_000001f1e823e118 .functor BUFT 1, C4<0>, C4<0>, C4<0>, C4<0>;
v000001f1e821ccf0_0 .net *"_ivl_4", 0 0, L_000001f1e823e118;  1 drivers
L_000001f1e823e160 .functor BUFT 1, C4<00000000000000000000000000000000>, C4<0>, C4<0>, C4<0>;
v000001f1e821d470_0 .net/2u *"_ivl_6", 31 0, L_000001f1e823e160;  1 drivers
v000001f1e821e0f0_0 .net *"_ivl_8", 63 0, L_000001f1e823a220;  1 drivers
v000001f1e821d330_0 .var "busy", 0 0;
v000001f1e821e190_0 .net "clk", 0 0, v000001f1e8237160_0;  alias, 1 drivers
v000001f1e821de70_0 .var "count", 5 0;
v000001f1e821db50_0 .net "dataA", 31 0, L_000001f1e82861b0;  alias, 1 drivers
v000001f1e821df10_0 .net "dataB", 31 0, L_000001f1e8286290;  alias, 1 drivers
v000001f1e821c9d0_0 .net "div_by_zero", 0 0, L_000001f1e82384c0;  1 drivers
v000001f1e821dbf0_0 .var "divisorSave", 31 0;
v000001f1e821dab0_0 .var "done", 0 0;
v000001f1e821e230_0 .var "exceptionRaised", 0 0;
v000001f1e821d8d0_0 .net "pushNewDiv", 0 0, L_000001f1e8287100;  alias, 1 drivers
v000001f1e821ced0_0 .var "quoOut", 31 0;
v000001f1e821dfb0_0 .var "quotient", 31 0;
v000001f1e821d970_0 .var "remOut", 31 0;
v000001f1e821d650_0 .var "remainder", 63 0;
v000001f1e821cb10_0 .net "remainderCompute", 63 0, L_000001f1e8239e60;  1 drivers
v000001f1e821ddd0_0 .net "reset", 0 0, v000001f1e8235f40_0;  alias, 1 drivers
v000001f1e821da10_0 .var "signA", 0 0;
v000001f1e821e370_0 .var "signB", 0 0;
v000001f1e821e2d0_0 .net "signed_mode", 0 0, L_000001f1e8237340;  alias, 1 drivers
v000001f1e821d510_0 .net "signed_overflow", 0 0, L_000001f1e8286e60;  1 drivers
v000001f1e821cbb0_0 .var "state", 0 0;
E_000001f1e819e580 .event posedge, v000001f1e821ddd0_0, v000001f1e821e190_0;
L_000001f1e82389c0 .part v000001f1e821d650_0, 0, 63;
L_000001f1e82390a0 .concat [ 1 63 0 0], L_000001f1e823e118, L_000001f1e82389c0;
L_000001f1e823a220 .concat [ 32 32 0 0], v000001f1e821dbf0_0, L_000001f1e823e160;
L_000001f1e8239e60 .arith/sub 64, L_000001f1e82390a0, L_000001f1e823a220;
L_000001f1e82384c0 .cmp/eq 32, L_000001f1e8286290, L_000001f1e823e1a8;
L_000001f1e8237fc0 .cmp/eq 32, L_000001f1e82861b0, L_000001f1e823e1f0;
L_000001f1e823a4a0 .cmp/eq 32, L_000001f1e8286290, L_000001f1e823e238;
S_000001f1e80b68c0 .scope function.vec4.s32, "absval" "absval" 4 29, 4 29 0, S_000001f1e80de520;
 .timescale -9 -12;
; Variable absval is vec4 return value of scope S_000001f1e80b68c0
v000001f1e81afd00_0 .var "in", 31 0;
TD_tb_ALU.dut.divider_inst.absval ;
    %load/vec4 v000001f1e81afd00_0;
    %parti/s 1, 31, 6;
    %flag_set/vec4 8;
    %jmp/0 T_1.0, 8;
    %load/vec4 v000001f1e81afd00_0;
    %inv;
    %addi 1, 0, 32;
    %jmp/1 T_1.1, 8;
T_1.0 ; End of true expr.
    %load/vec4 v000001f1e81afd00_0;
    %jmp/0 T_1.1, 8;
 ; End of false expr.
    %blend;
T_1.1;
    %ret/vec4 0, 0, 32;  Assign to absval (store_vec4_to_lval)
    %end;
S_000001f1e80b6a50 .scope module, "fpToInt_inst" "fpToInt" 3 146, 5 1 0, S_000001f1e80de390;
 .timescale -9 -12;
    .port_info 0 /INPUT 32 "dataIn";
    .port_info 1 /OUTPUT 32 "dataOut";
    .port_info 2 /OUTPUT 1 "exceptionRaised";
L_000001f1e82865a0 .functor NOT 32, L_000001f1e8299920, C4<00000000000000000000000000000000>, C4<00000000000000000000000000000000>, C4<00000000000000000000000000000000>;
v000001f1e821d150_0 .net *"_ivl_10", 31 0, L_000001f1e829a500;  1 drivers
L_000001f1e823f9d8 .functor BUFT 1, C4<000000000000000000000000>, C4<0>, C4<0>, C4<0>;
v000001f1e821e050_0 .net *"_ivl_13", 23 0, L_000001f1e823f9d8;  1 drivers
L_000001f1e823fa20 .functor BUFT 1, C4<00000000000000000000000010011110>, C4<0>, C4<0>, C4<0>;
v000001f1e821d6f0_0 .net/2u *"_ivl_14", 31 0, L_000001f1e823fa20;  1 drivers
v000001f1e821d0b0_0 .net *"_ivl_18", 31 0, L_000001f1e82992e0;  1 drivers
L_000001f1e823fa68 .functor BUFT 1, C4<000000000000000000000000>, C4<0>, C4<0>, C4<0>;
v000001f1e821d790_0 .net *"_ivl_21", 23 0, L_000001f1e823fa68;  1 drivers
L_000001f1e823fab0 .functor BUFT 1, C4<00000000000000000000000001111111>, C4<0>, C4<0>, C4<0>;
v000001f1e821d830_0 .net/2u *"_ivl_22", 31 0, L_000001f1e823fab0;  1 drivers
L_000001f1e823faf8 .functor BUFT 1, C4<01111111>, C4<0>, C4<0>, C4<0>;
v000001f1e821d1f0_0 .net/2u *"_ivl_26", 7 0, L_000001f1e823faf8;  1 drivers
v000001f1e821e7d0_0 .net *"_ivl_32", 53 0, L_000001f1e82994c0;  1 drivers
L_000001f1e823fb40 .functor BUFT 1, C4<000000000000000000000000000000>, C4<0>, C4<0>, C4<0>;
v000001f1e821e410_0 .net *"_ivl_35", 29 0, L_000001f1e823fb40;  1 drivers
L_000001f1e823fb88 .functor BUFT 1, C4<0>, C4<0>, C4<0>, C4<0>;
v000001f1e821e4b0_0 .net/2u *"_ivl_38", 0 0, L_000001f1e823fb88;  1 drivers
L_000001f1e823f990 .functor BUFT 1, C4<1>, C4<0>, C4<0>, C4<0>;
v000001f1e821d5b0_0 .net/2u *"_ivl_4", 0 0, L_000001f1e823f990;  1 drivers
v000001f1e821e550_0 .net *"_ivl_41", 30 0, L_000001f1e82996a0;  1 drivers
L_000001f1e823fbd0 .functor BUFT 1, C4<00000000000000000000000000000000>, C4<0>, C4<0>, C4<0>;
v000001f1e821dc90_0 .net/2u *"_ivl_44", 31 0, L_000001f1e823fbd0;  1 drivers
v000001f1e821d290_0 .net *"_ivl_46", 31 0, L_000001f1e82865a0;  1 drivers
L_000001f1e823fc18 .functor BUFT 1, C4<00000000000000000000000000000001>, C4<0>, C4<0>, C4<0>;
v000001f1e821dd30_0 .net/2u *"_ivl_48", 31 0, L_000001f1e823fc18;  1 drivers
v000001f1e821e5f0_0 .net *"_ivl_50", 31 0, L_000001f1e8299b00;  1 drivers
v000001f1e821ce30_0 .net *"_ivl_52", 31 0, L_000001f1e8299e20;  1 drivers
v000001f1e821cc50_0 .net *"_ivl_7", 22 0, L_000001f1e8299100;  1 drivers
v000001f1e821cd90_0 .net "dataIn", 31 0, v000001f1e82364e0_0;  alias, 1 drivers
v000001f1e821e730_0 .net "dataOut", 31 0, L_000001f1e829d700;  alias, 1 drivers
v000001f1e821e870_0 .net "exceptionRaised", 0 0, L_000001f1e8298c00;  alias, 1 drivers
v000001f1e821d3d0_0 .net "expIn", 7 0, L_000001f1e8298b60;  1 drivers
v000001f1e821cf70_0 .net "expMinus127", 7 0, L_000001f1e8299240;  1 drivers
v000001f1e821d010_0 .net "intermediate", 53 0, L_000001f1e8299600;  1 drivers
v000001f1e821fac0_0 .net "isAnsZero", 0 0, L_000001f1e8298ca0;  1 drivers
v000001f1e821f980_0 .net "mantissaIn", 23 0, L_000001f1e82991a0;  1 drivers
v000001f1e82201a0_0 .net "rawData", 31 0, L_000001f1e8299920;  1 drivers
v000001f1e821fca0_0 .net "shiftAmt", 4 0, L_000001f1e8299380;  1 drivers
v000001f1e821f700_0 .net "signIn", 0 0, L_000001f1e8298ac0;  1 drivers
L_000001f1e8298ac0 .part v000001f1e82364e0_0, 31, 1;
L_000001f1e8298b60 .part v000001f1e82364e0_0, 23, 8;
L_000001f1e8299100 .part v000001f1e82364e0_0, 0, 23;
L_000001f1e82991a0 .concat [ 23 1 0 0], L_000001f1e8299100, L_000001f1e823f990;
L_000001f1e829a500 .concat [ 8 24 0 0], L_000001f1e8298b60, L_000001f1e823f9d8;
L_000001f1e8298c00 .cmp/gt 32, L_000001f1e829a500, L_000001f1e823fa20;
L_000001f1e82992e0 .concat [ 8 24 0 0], L_000001f1e8298b60, L_000001f1e823fa68;
L_000001f1e8298ca0 .cmp/gt 32, L_000001f1e823fab0, L_000001f1e82992e0;
L_000001f1e8299240 .arith/sub 8, L_000001f1e8298b60, L_000001f1e823faf8;
L_000001f1e8299380 .part L_000001f1e8299240, 0, 5;
L_000001f1e82994c0 .concat [ 24 30 0 0], L_000001f1e82991a0, L_000001f1e823fb40;
L_000001f1e8299600 .shift/l 54, L_000001f1e82994c0, L_000001f1e8299380;
L_000001f1e82996a0 .part L_000001f1e8299600, 23, 31;
L_000001f1e8299920 .concat [ 31 1 0 0], L_000001f1e82996a0, L_000001f1e823fb88;
L_000001f1e8299b00 .arith/sum 32, L_000001f1e82865a0, L_000001f1e823fc18;
L_000001f1e8299e20 .functor MUXZ 32, L_000001f1e8299920, L_000001f1e8299b00, L_000001f1e8298ac0, C4<>;
L_000001f1e829d700 .functor MUXZ 32, L_000001f1e8299e20, L_000001f1e823fbd0, L_000001f1e8298ca0, C4<>;
S_000001f1e80edd00 .scope module, "fp_addsub_inst" "fp_addsub" 3 102, 6 1 0, S_000001f1e80de390;
 .timescale -9 -12;
    .port_info 0 /INPUT 32 "dataA";
    .port_info 1 /INPUT 32 "dataB";
    .port_info 2 /INPUT 1 "is_sub";
    .port_info 3 /OUTPUT 32 "dataOut";
    .port_info 4 /OUTPUT 1 "exceptionRaised";
P_000001f1e819e840 .param/l "CANONICAL_NAN" 1 6 90, C4<01111111110000000000000000000000>;
L_000001f1e8287870 .functor NOT 1, L_000001f1e823a540, C4<0>, C4<0>, C4<0>;
L_000001f1e8285f80 .functor AND 1, L_000001f1e82396e0, L_000001f1e8238e20, C4<1>, C4<1>;
L_000001f1e82867d0 .functor AND 1, L_000001f1e8239640, L_000001f1e8238ec0, C4<1>, C4<1>;
L_000001f1e8285ff0 .functor AND 1, L_000001f1e8239780, L_000001f1e8238880, C4<1>, C4<1>;
L_000001f1e8286530 .functor AND 1, L_000001f1e82395a0, L_000001f1e8239dc0, C4<1>, C4<1>;
L_000001f1e8286ca0 .functor AND 1, L_000001f1e8239960, L_000001f1e8238240, C4<1>, C4<1>;
L_000001f1e8286b50 .functor AND 1, L_000001f1e8238f60, L_000001f1e823a180, C4<1>, C4<1>;
L_000001f1e8286300 .functor XNOR 1, L_000001f1e8239280, L_000001f1e8239be0, C4<0>, C4<0>;
L_000001f1e8286ed0 .functor BUFZ 1, L_000001f1e8239280, C4<0>, C4<0>, C4<0>;
L_000001f1e8286fb0 .functor AND 1, L_000001f1e8285ff0, L_000001f1e8286530, C4<1>, C4<1>;
L_000001f1e8287790 .functor XOR 1, L_000001f1e8239000, L_000001f1e8238d80, C4<0>, C4<0>;
L_000001f1e82874f0 .functor AND 1, L_000001f1e8286fb0, L_000001f1e8287790, C4<1>, C4<1>;
L_000001f1e8286bc0 .functor OR 1, L_000001f1e8285f80, L_000001f1e82867d0, C4<0>, C4<0>;
L_000001f1e8286060 .functor OR 1, L_000001f1e8286bc0, L_000001f1e82874f0, C4<0>, C4<0>;
L_000001f1e8286d10 .functor OR 1, L_000001f1e8285f80, L_000001f1e82867d0, C4<0>, C4<0>;
L_000001f1e82860d0 .functor OR 1, L_000001f1e8286d10, L_000001f1e82874f0, C4<0>, C4<0>;
L_000001f1e8286f40 .functor AND 1, L_000001f1e8286ca0, L_000001f1e8286b50, C4<1>, C4<1>;
L_000001f1e823e7d8 .functor BUFT 1, C4<00000000>, C4<0>, C4<0>, C4<0>;
v000001f1e821f160_0 .net/2u *"_ivl_100", 7 0, L_000001f1e823e7d8;  1 drivers
v000001f1e821f200_0 .net *"_ivl_102", 0 0, L_000001f1e8239d20;  1 drivers
L_000001f1e823e820 .functor BUFT 1, C4<00000000>, C4<0>, C4<0>, C4<0>;
v000001f1e821f520_0 .net/2u *"_ivl_106", 7 0, L_000001f1e823e820;  1 drivers
v000001f1e821f2a0_0 .net *"_ivl_108", 0 0, L_000001f1e8238b00;  1 drivers
v000001f1e8220420_0 .net *"_ivl_12", 0 0, L_000001f1e8287870;  1 drivers
v000001f1e821f340_0 .net *"_ivl_128", 31 0, L_000001f1e823a0e0;  1 drivers
L_000001f1e823e868 .functor BUFT 1, C4<000000000000000000000000>, C4<0>, C4<0>, C4<0>;
v000001f1e8220240_0 .net *"_ivl_131", 23 0, L_000001f1e823e868;  1 drivers
L_000001f1e823e8b0 .functor BUFT 1, C4<00000000000000000000000000011001>, C4<0>, C4<0>, C4<0>;
v000001f1e821f7a0_0 .net/2u *"_ivl_132", 31 0, L_000001f1e823e8b0;  1 drivers
v000001f1e821ff20_0 .net *"_ivl_134", 0 0, L_000001f1e8239c80;  1 drivers
L_000001f1e823e8f8 .functor BUFT 1, C4<011001>, C4<0>, C4<0>, C4<0>;
v000001f1e821fa20_0 .net/2u *"_ivl_136", 5 0, L_000001f1e823e8f8;  1 drivers
v000001f1e821f3e0_0 .net *"_ivl_139", 5 0, L_000001f1e823a5e0;  1 drivers
L_000001f1e823e940 .functor BUFT 1, C4<00>, C4<0>, C4<0>, C4<0>;
v000001f1e821f5c0_0 .net/2u *"_ivl_142", 1 0, L_000001f1e823e940;  1 drivers
L_000001f1e823e988 .functor BUFT 1, C4<00>, C4<0>, C4<0>, C4<0>;
v000001f1e821f0c0_0 .net/2u *"_ivl_146", 1 0, L_000001f1e823e988;  1 drivers
v000001f1e82204c0_0 .net *"_ivl_148", 25 0, L_000001f1e8239500;  1 drivers
L_000001f1e823e9d0 .functor BUFT 1, C4<0>, C4<0>, C4<0>, C4<0>;
v000001f1e821fc00_0 .net/2u *"_ivl_154", 0 0, L_000001f1e823e9d0;  1 drivers
v000001f1e821fd40_0 .net *"_ivl_156", 26 0, L_000001f1e823a360;  1 drivers
L_000001f1e823ea18 .functor BUFT 1, C4<0>, C4<0>, C4<0>, C4<0>;
v000001f1e821f480_0 .net/2u *"_ivl_158", 0 0, L_000001f1e823ea18;  1 drivers
L_000001f1e823e2c8 .functor BUFT 1, C4<11111111>, C4<0>, C4<0>, C4<0>;
v000001f1e8220380_0 .net/2u *"_ivl_16", 7 0, L_000001f1e823e2c8;  1 drivers
v000001f1e8220600_0 .net *"_ivl_160", 26 0, L_000001f1e8238600;  1 drivers
v000001f1e82206a0_0 .net *"_ivl_162", 26 0, L_000001f1e8238100;  1 drivers
L_000001f1e823ea60 .functor BUFT 1, C4<0>, C4<0>, C4<0>, C4<0>;
v000001f1e821f840_0 .net/2u *"_ivl_164", 0 0, L_000001f1e823ea60;  1 drivers
v000001f1e821f660_0 .net *"_ivl_166", 26 0, L_000001f1e82381a0;  1 drivers
L_000001f1e823eaa8 .functor BUFT 1, C4<0>, C4<0>, C4<0>, C4<0>;
v000001f1e821f8e0_0 .net/2u *"_ivl_168", 0 0, L_000001f1e823eaa8;  1 drivers
v000001f1e821fe80_0 .net *"_ivl_170", 26 0, L_000001f1e8238420;  1 drivers
v000001f1e821fde0_0 .net *"_ivl_172", 26 0, L_000001f1e82386a0;  1 drivers
v000001f1e821eda0_0 .net *"_ivl_18", 0 0, L_000001f1e82396e0;  1 drivers
v000001f1e8220560_0 .net *"_ivl_183", 0 0, L_000001f1e823b6c0;  1 drivers
L_000001f1e823eaf0 .functor BUFT 1, C4<00000>, C4<0>, C4<0>, C4<0>;
v000001f1e8220740_0 .net/2u *"_ivl_184", 4 0, L_000001f1e823eaf0;  1 drivers
v000001f1e821ffc0_0 .net *"_ivl_187", 0 0, L_000001f1e823c8e0;  1 drivers
L_000001f1e823eb38 .functor BUFT 1, C4<00001>, C4<0>, C4<0>, C4<0>;
v000001f1e821eee0_0 .net/2u *"_ivl_188", 4 0, L_000001f1e823eb38;  1 drivers
v000001f1e82207e0_0 .net *"_ivl_191", 0 0, L_000001f1e823c200;  1 drivers
L_000001f1e823eb80 .functor BUFT 1, C4<00010>, C4<0>, C4<0>, C4<0>;
v000001f1e8220880_0 .net/2u *"_ivl_192", 4 0, L_000001f1e823eb80;  1 drivers
v000001f1e821e9e0_0 .net *"_ivl_195", 0 0, L_000001f1e823b8a0;  1 drivers
L_000001f1e823ebc8 .functor BUFT 1, C4<00011>, C4<0>, C4<0>, C4<0>;
v000001f1e821ef80_0 .net/2u *"_ivl_196", 4 0, L_000001f1e823ebc8;  1 drivers
v000001f1e821fb60_0 .net *"_ivl_199", 0 0, L_000001f1e823bda0;  1 drivers
v000001f1e821ee40_0 .net *"_ivl_20", 31 0, L_000001f1e823a040;  1 drivers
L_000001f1e823ec10 .functor BUFT 1, C4<00100>, C4<0>, C4<0>, C4<0>;
v000001f1e8220060_0 .net/2u *"_ivl_200", 4 0, L_000001f1e823ec10;  1 drivers
v000001f1e8220100_0 .net *"_ivl_203", 0 0, L_000001f1e823b1c0;  1 drivers
L_000001f1e823ec58 .functor BUFT 1, C4<00101>, C4<0>, C4<0>, C4<0>;
v000001f1e821ea80_0 .net/2u *"_ivl_204", 4 0, L_000001f1e823ec58;  1 drivers
v000001f1e82202e0_0 .net *"_ivl_207", 0 0, L_000001f1e823afe0;  1 drivers
L_000001f1e823eca0 .functor BUFT 1, C4<00110>, C4<0>, C4<0>, C4<0>;
v000001f1e821eb20_0 .net/2u *"_ivl_208", 4 0, L_000001f1e823eca0;  1 drivers
v000001f1e821ebc0_0 .net *"_ivl_211", 0 0, L_000001f1e823cac0;  1 drivers
L_000001f1e823ece8 .functor BUFT 1, C4<00111>, C4<0>, C4<0>, C4<0>;
v000001f1e821ec60_0 .net/2u *"_ivl_212", 4 0, L_000001f1e823ece8;  1 drivers
v000001f1e821ed00_0 .net *"_ivl_215", 0 0, L_000001f1e823a7c0;  1 drivers
L_000001f1e823ed30 .functor BUFT 1, C4<01000>, C4<0>, C4<0>, C4<0>;
v000001f1e821f020_0 .net/2u *"_ivl_216", 4 0, L_000001f1e823ed30;  1 drivers
v000001f1e8222a80_0 .net *"_ivl_219", 0 0, L_000001f1e823bf80;  1 drivers
L_000001f1e823ed78 .functor BUFT 1, C4<01001>, C4<0>, C4<0>, C4<0>;
v000001f1e82230c0_0 .net/2u *"_ivl_220", 4 0, L_000001f1e823ed78;  1 drivers
v000001f1e82229e0_0 .net *"_ivl_223", 0 0, L_000001f1e823b9e0;  1 drivers
L_000001f1e823edc0 .functor BUFT 1, C4<01010>, C4<0>, C4<0>, C4<0>;
v000001f1e82219a0_0 .net/2u *"_ivl_224", 4 0, L_000001f1e823edc0;  1 drivers
v000001f1e8220fa0_0 .net *"_ivl_227", 0 0, L_000001f1e823a720;  1 drivers
L_000001f1e823ee08 .functor BUFT 1, C4<01011>, C4<0>, C4<0>, C4<0>;
v000001f1e82217c0_0 .net/2u *"_ivl_228", 4 0, L_000001f1e823ee08;  1 drivers
L_000001f1e823e310 .functor BUFT 1, C4<000000000>, C4<0>, C4<0>, C4<0>;
v000001f1e8221680_0 .net *"_ivl_23", 8 0, L_000001f1e823e310;  1 drivers
v000001f1e8222d00_0 .net *"_ivl_231", 0 0, L_000001f1e823cb60;  1 drivers
L_000001f1e823ee50 .functor BUFT 1, C4<01100>, C4<0>, C4<0>, C4<0>;
v000001f1e8223020_0 .net/2u *"_ivl_232", 4 0, L_000001f1e823ee50;  1 drivers
v000001f1e8221a40_0 .net *"_ivl_235", 0 0, L_000001f1e823c2a0;  1 drivers
L_000001f1e823ee98 .functor BUFT 1, C4<01101>, C4<0>, C4<0>, C4<0>;
v000001f1e8222b20_0 .net/2u *"_ivl_236", 4 0, L_000001f1e823ee98;  1 drivers
v000001f1e8222940_0 .net *"_ivl_239", 0 0, L_000001f1e823b120;  1 drivers
L_000001f1e823e358 .functor BUFT 1, C4<00000000000000000000000000000000>, C4<0>, C4<0>, C4<0>;
v000001f1e8223160_0 .net/2u *"_ivl_24", 31 0, L_000001f1e823e358;  1 drivers
L_000001f1e823eee0 .functor BUFT 1, C4<01110>, C4<0>, C4<0>, C4<0>;
v000001f1e82223a0_0 .net/2u *"_ivl_240", 4 0, L_000001f1e823eee0;  1 drivers
v000001f1e8222440_0 .net *"_ivl_243", 0 0, L_000001f1e823c0c0;  1 drivers
L_000001f1e823ef28 .functor BUFT 1, C4<01111>, C4<0>, C4<0>, C4<0>;
v000001f1e8221ae0_0 .net/2u *"_ivl_244", 4 0, L_000001f1e823ef28;  1 drivers
v000001f1e8222bc0_0 .net *"_ivl_247", 0 0, L_000001f1e823ba80;  1 drivers
L_000001f1e823ef70 .functor BUFT 1, C4<10000>, C4<0>, C4<0>, C4<0>;
v000001f1e8220a00_0 .net/2u *"_ivl_248", 4 0, L_000001f1e823ef70;  1 drivers
v000001f1e8221400_0 .net *"_ivl_251", 0 0, L_000001f1e823b800;  1 drivers
L_000001f1e823efb8 .functor BUFT 1, C4<10001>, C4<0>, C4<0>, C4<0>;
v000001f1e8222800_0 .net/2u *"_ivl_252", 4 0, L_000001f1e823efb8;  1 drivers
v000001f1e82228a0_0 .net *"_ivl_255", 0 0, L_000001f1e823ca20;  1 drivers
L_000001f1e823f000 .functor BUFT 1, C4<10010>, C4<0>, C4<0>, C4<0>;
v000001f1e8221b80_0 .net/2u *"_ivl_256", 4 0, L_000001f1e823f000;  1 drivers
v000001f1e8220dc0_0 .net *"_ivl_259", 0 0, L_000001f1e823c700;  1 drivers
v000001f1e8221040_0 .net *"_ivl_26", 0 0, L_000001f1e8238e20;  1 drivers
L_000001f1e823f048 .functor BUFT 1, C4<10011>, C4<0>, C4<0>, C4<0>;
v000001f1e82215e0_0 .net/2u *"_ivl_260", 4 0, L_000001f1e823f048;  1 drivers
v000001f1e8222c60_0 .net *"_ivl_263", 0 0, L_000001f1e823cd40;  1 drivers
L_000001f1e823f090 .functor BUFT 1, C4<10100>, C4<0>, C4<0>, C4<0>;
v000001f1e8221c20_0 .net/2u *"_ivl_264", 4 0, L_000001f1e823f090;  1 drivers
v000001f1e82224e0_0 .net *"_ivl_267", 0 0, L_000001f1e823c660;  1 drivers
L_000001f1e823f0d8 .functor BUFT 1, C4<10101>, C4<0>, C4<0>, C4<0>;
v000001f1e8221f40_0 .net/2u *"_ivl_268", 4 0, L_000001f1e823f0d8;  1 drivers
v000001f1e82214a0_0 .net *"_ivl_271", 0 0, L_000001f1e823b760;  1 drivers
L_000001f1e823f120 .functor BUFT 1, C4<10110>, C4<0>, C4<0>, C4<0>;
v000001f1e8221900_0 .net/2u *"_ivl_272", 4 0, L_000001f1e823f120;  1 drivers
v000001f1e82212c0_0 .net *"_ivl_275", 0 0, L_000001f1e823ac20;  1 drivers
L_000001f1e823f168 .functor BUFT 1, C4<10111>, C4<0>, C4<0>, C4<0>;
v000001f1e8222da0_0 .net/2u *"_ivl_276", 4 0, L_000001f1e823f168;  1 drivers
L_000001f1e823f1b0 .functor BUFT 1, C4<11000>, C4<0>, C4<0>, C4<0>;
v000001f1e8222120_0 .net/2u *"_ivl_278", 4 0, L_000001f1e823f1b0;  1 drivers
v000001f1e8222260_0 .net *"_ivl_280", 4 0, L_000001f1e823c980;  1 drivers
v000001f1e8221860_0 .net *"_ivl_282", 4 0, L_000001f1e823acc0;  1 drivers
v000001f1e8220aa0_0 .net *"_ivl_284", 4 0, L_000001f1e823bee0;  1 drivers
v000001f1e8220c80_0 .net *"_ivl_286", 4 0, L_000001f1e823c520;  1 drivers
v000001f1e8221720_0 .net *"_ivl_288", 4 0, L_000001f1e823b940;  1 drivers
v000001f1e8221cc0_0 .net *"_ivl_290", 4 0, L_000001f1e823c5c0;  1 drivers
v000001f1e8222580_0 .net *"_ivl_292", 4 0, L_000001f1e823bb20;  1 drivers
v000001f1e8221d60_0 .net *"_ivl_294", 4 0, L_000001f1e823b080;  1 drivers
v000001f1e8222760_0 .net *"_ivl_296", 4 0, L_000001f1e823b440;  1 drivers
v000001f1e8220b40_0 .net *"_ivl_298", 4 0, L_000001f1e823ab80;  1 drivers
L_000001f1e823e3a0 .functor BUFT 1, C4<11111111>, C4<0>, C4<0>, C4<0>;
v000001f1e8222300_0 .net/2u *"_ivl_30", 7 0, L_000001f1e823e3a0;  1 drivers
v000001f1e8221540_0 .net *"_ivl_300", 4 0, L_000001f1e823b580;  1 drivers
v000001f1e8221360_0 .net *"_ivl_302", 4 0, L_000001f1e823ad60;  1 drivers
v000001f1e8220be0_0 .net *"_ivl_304", 4 0, L_000001f1e823b260;  1 drivers
v000001f1e8222620_0 .net *"_ivl_306", 4 0, L_000001f1e823cca0;  1 drivers
v000001f1e8222080_0 .net *"_ivl_308", 4 0, L_000001f1e823a680;  1 drivers
v000001f1e82226c0_0 .net *"_ivl_310", 4 0, L_000001f1e823c340;  1 drivers
v000001f1e8220d20_0 .net *"_ivl_312", 4 0, L_000001f1e823cde0;  1 drivers
v000001f1e8221e00_0 .net *"_ivl_314", 4 0, L_000001f1e823a860;  1 drivers
v000001f1e8222e40_0 .net *"_ivl_316", 4 0, L_000001f1e823cc00;  1 drivers
v000001f1e8221ea0_0 .net *"_ivl_318", 4 0, L_000001f1e823a900;  1 drivers
v000001f1e8222ee0_0 .net *"_ivl_32", 0 0, L_000001f1e8239640;  1 drivers
v000001f1e8222f80_0 .net *"_ivl_320", 4 0, L_000001f1e823c480;  1 drivers
v000001f1e8221fe0_0 .net *"_ivl_322", 4 0, L_000001f1e823bc60;  1 drivers
v000001f1e82221c0_0 .net *"_ivl_324", 4 0, L_000001f1e823bbc0;  1 drivers
v000001f1e8220e60_0 .net *"_ivl_328", 24 0, L_000001f1e823c020;  1 drivers
v000001f1e8220f00_0 .net *"_ivl_330", 23 0, L_000001f1e823c7a0;  1 drivers
L_000001f1e823f1f8 .functor BUFT 1, C4<0>, C4<0>, C4<0>, C4<0>;
v000001f1e82210e0_0 .net *"_ivl_332", 0 0, L_000001f1e823f1f8;  1 drivers
v000001f1e8221180_0 .net *"_ivl_334", 24 0, L_000001f1e823c160;  1 drivers
L_000001f1e823f240 .functor BUFT 1, C4<00000001>, C4<0>, C4<0>, C4<0>;
v000001f1e8221220_0 .net/2u *"_ivl_338", 7 0, L_000001f1e823f240;  1 drivers
v000001f1e8223ac0_0 .net *"_ivl_34", 31 0, L_000001f1e823a400;  1 drivers
v000001f1e8223700_0 .net *"_ivl_340", 7 0, L_000001f1e823b3a0;  1 drivers
L_000001f1e823f288 .functor BUFT 1, C4<000>, C4<0>, C4<0>, C4<0>;
v000001f1e8224560_0 .net/2u *"_ivl_342", 2 0, L_000001f1e823f288;  1 drivers
v000001f1e8223f20_0 .net *"_ivl_344", 7 0, L_000001f1e823c840;  1 drivers
v000001f1e8223fc0_0 .net *"_ivl_346", 7 0, L_000001f1e823b4e0;  1 drivers
v000001f1e8223a20_0 .net *"_ivl_353", 0 0, L_000001f1e8286fb0;  1 drivers
v000001f1e8224240_0 .net *"_ivl_354", 0 0, L_000001f1e8287790;  1 drivers
v000001f1e82244c0_0 .net *"_ivl_359", 0 0, L_000001f1e8286bc0;  1 drivers
v000001f1e8223340_0 .net *"_ivl_363", 0 0, L_000001f1e8286d10;  1 drivers
v000001f1e82247e0_0 .net *"_ivl_365", 0 0, L_000001f1e82860d0;  1 drivers
L_000001f1e823f2d0 .functor BUFT 1, C4<01111111110000000000000000000000>, C4<0>, C4<0>, C4<0>;
v000001f1e82246a0_0 .net/2u *"_ivl_366", 31 0, L_000001f1e823f2d0;  1 drivers
L_000001f1e823f318 .functor BUFT 1, C4<11111111>, C4<0>, C4<0>, C4<0>;
v000001f1e8223de0_0 .net/2u *"_ivl_368", 7 0, L_000001f1e823f318;  1 drivers
L_000001f1e823e3e8 .functor BUFT 1, C4<000000000>, C4<0>, C4<0>, C4<0>;
v000001f1e8224880_0 .net *"_ivl_37", 8 0, L_000001f1e823e3e8;  1 drivers
L_000001f1e823f360 .functor BUFT 1, C4<00000000000000000000000>, C4<0>, C4<0>, C4<0>;
v000001f1e8223e80_0 .net/2u *"_ivl_370", 22 0, L_000001f1e823f360;  1 drivers
v000001f1e8223520_0 .net *"_ivl_372", 31 0, L_000001f1e823c3e0;  1 drivers
L_000001f1e823f3a8 .functor BUFT 1, C4<11111111>, C4<0>, C4<0>, C4<0>;
v000001f1e8223480_0 .net/2u *"_ivl_374", 7 0, L_000001f1e823f3a8;  1 drivers
L_000001f1e823f3f0 .functor BUFT 1, C4<00000000000000000000000>, C4<0>, C4<0>, C4<0>;
v000001f1e82235c0_0 .net/2u *"_ivl_376", 22 0, L_000001f1e823f3f0;  1 drivers
v000001f1e82237a0_0 .net *"_ivl_378", 31 0, L_000001f1e823aa40;  1 drivers
L_000001f1e823e430 .functor BUFT 1, C4<00000000000000000000000000000000>, C4<0>, C4<0>, C4<0>;
v000001f1e82242e0_0 .net/2u *"_ivl_38", 31 0, L_000001f1e823e430;  1 drivers
v000001f1e8224380_0 .net *"_ivl_381", 0 0, L_000001f1e8286f40;  1 drivers
L_000001f1e823f438 .functor BUFT 1, C4<00000000000000000000000000000000>, C4<0>, C4<0>, C4<0>;
v000001f1e8224100_0 .net/2u *"_ivl_382", 31 0, L_000001f1e823f438;  1 drivers
L_000001f1e823f480 .functor BUFT 1, C4<0000000000000000000000000>, C4<0>, C4<0>, C4<0>;
v000001f1e8224060_0 .net/2u *"_ivl_384", 24 0, L_000001f1e823f480;  1 drivers
v000001f1e82233e0_0 .net *"_ivl_386", 0 0, L_000001f1e823aae0;  1 drivers
L_000001f1e823f4c8 .functor BUFT 1, C4<00000000000000000000000000000000>, C4<0>, C4<0>, C4<0>;
v000001f1e8223d40_0 .net/2u *"_ivl_388", 31 0, L_000001f1e823f4c8;  1 drivers
v000001f1e8223840_0 .net *"_ivl_390", 31 0, L_000001f1e823ae00;  1 drivers
v000001f1e8223660_0 .net *"_ivl_392", 31 0, L_000001f1e823aea0;  1 drivers
v000001f1e8224420_0 .net *"_ivl_394", 31 0, L_000001f1e823af40;  1 drivers
v000001f1e82241a0_0 .net *"_ivl_396", 31 0, L_000001f1e823d100;  1 drivers
v000001f1e8224600_0 .net *"_ivl_398", 31 0, L_000001f1e823d420;  1 drivers
v000001f1e82238e0_0 .net *"_ivl_40", 0 0, L_000001f1e8238ec0;  1 drivers
L_000001f1e823e478 .functor BUFT 1, C4<11111111>, C4<0>, C4<0>, C4<0>;
v000001f1e8224740_0 .net/2u *"_ivl_44", 7 0, L_000001f1e823e478;  1 drivers
v000001f1e8223b60_0 .net *"_ivl_46", 0 0, L_000001f1e8239780;  1 drivers
v000001f1e8223200_0 .net *"_ivl_48", 31 0, L_000001f1e8237e80;  1 drivers
L_000001f1e823e4c0 .functor BUFT 1, C4<000000000>, C4<0>, C4<0>, C4<0>;
v000001f1e82232a0_0 .net *"_ivl_51", 8 0, L_000001f1e823e4c0;  1 drivers
L_000001f1e823e508 .functor BUFT 1, C4<00000000000000000000000000000000>, C4<0>, C4<0>, C4<0>;
v000001f1e8223980_0 .net/2u *"_ivl_52", 31 0, L_000001f1e823e508;  1 drivers
v000001f1e8223c00_0 .net *"_ivl_54", 0 0, L_000001f1e8238880;  1 drivers
L_000001f1e823e550 .functor BUFT 1, C4<11111111>, C4<0>, C4<0>, C4<0>;
v000001f1e8223ca0_0 .net/2u *"_ivl_58", 7 0, L_000001f1e823e550;  1 drivers
v000001f1e8229ad0_0 .net *"_ivl_60", 0 0, L_000001f1e82395a0;  1 drivers
v000001f1e822acf0_0 .net *"_ivl_62", 31 0, L_000001f1e8238560;  1 drivers
L_000001f1e823e598 .functor BUFT 1, C4<000000000>, C4<0>, C4<0>, C4<0>;
v000001f1e822a7f0_0 .net *"_ivl_65", 8 0, L_000001f1e823e598;  1 drivers
L_000001f1e823e5e0 .functor BUFT 1, C4<00000000000000000000000000000000>, C4<0>, C4<0>, C4<0>;
v000001f1e822a4d0_0 .net/2u *"_ivl_66", 31 0, L_000001f1e823e5e0;  1 drivers
v000001f1e822aa70_0 .net *"_ivl_68", 0 0, L_000001f1e8239dc0;  1 drivers
L_000001f1e823e628 .functor BUFT 1, C4<00000000>, C4<0>, C4<0>, C4<0>;
v000001f1e822a9d0_0 .net/2u *"_ivl_72", 7 0, L_000001f1e823e628;  1 drivers
v000001f1e8229df0_0 .net *"_ivl_74", 0 0, L_000001f1e8239960;  1 drivers
v000001f1e822a430_0 .net *"_ivl_76", 31 0, L_000001f1e8238a60;  1 drivers
L_000001f1e823e670 .functor BUFT 1, C4<000000000>, C4<0>, C4<0>, C4<0>;
v000001f1e822abb0_0 .net *"_ivl_79", 8 0, L_000001f1e823e670;  1 drivers
L_000001f1e823e6b8 .functor BUFT 1, C4<00000000000000000000000000000000>, C4<0>, C4<0>, C4<0>;
v000001f1e822a250_0 .net/2u *"_ivl_80", 31 0, L_000001f1e823e6b8;  1 drivers
v000001f1e822a570_0 .net *"_ivl_82", 0 0, L_000001f1e8238240;  1 drivers
L_000001f1e823e700 .functor BUFT 1, C4<00000000>, C4<0>, C4<0>, C4<0>;
v000001f1e822ad90_0 .net/2u *"_ivl_86", 7 0, L_000001f1e823e700;  1 drivers
v000001f1e822a2f0_0 .net *"_ivl_88", 0 0, L_000001f1e8238f60;  1 drivers
v000001f1e8229cb0_0 .net *"_ivl_90", 31 0, L_000001f1e82398c0;  1 drivers
L_000001f1e823e748 .functor BUFT 1, C4<000000000>, C4<0>, C4<0>, C4<0>;
v000001f1e8229f30_0 .net *"_ivl_93", 8 0, L_000001f1e823e748;  1 drivers
L_000001f1e823e790 .functor BUFT 1, C4<00000000000000000000000000000000>, C4<0>, C4<0>, C4<0>;
v000001f1e822a390_0 .net/2u *"_ivl_94", 31 0, L_000001f1e823e790;  1 drivers
v000001f1e822af70_0 .net *"_ivl_96", 0 0, L_000001f1e823a180;  1 drivers
v000001f1e8229fd0_0 .net "carry_out", 0 0, L_000001f1e823b620;  1 drivers
v000001f1e822a890_0 .net "dataA", 31 0, v000001f1e82364e0_0;  alias, 1 drivers
v000001f1e822a930_0 .net "dataB", 31 0, v000001f1e8236c60_0;  alias, 1 drivers
v000001f1e822a610_0 .net "dataOut", 31 0, L_000001f1e823d560;  alias, 1 drivers
v000001f1e822ab10_0 .net "exceptionRaised", 0 0, L_000001f1e8286060;  alias, 1 drivers
v000001f1e822aed0_0 .net "exp_big", 7 0, L_000001f1e82391e0;  1 drivers
v000001f1e822b010_0 .net "exp_diff", 7 0, L_000001f1e8238c40;  1 drivers
v000001f1e8229d50_0 .net "exp_norm", 7 0, L_000001f1e823a9a0;  1 drivers
v000001f1e822ac50_0 .net "exp_small", 7 0, L_000001f1e8239b40;  1 drivers
v000001f1e822a110_0 .net "fA_exp", 7 0, L_000001f1e823a2c0;  1 drivers
v000001f1e822b0b0_0 .net "fA_inf", 0 0, L_000001f1e8285ff0;  1 drivers
v000001f1e822a6b0_0 .net "fA_larger_exp", 0 0, L_000001f1e8239aa0;  1 drivers
v000001f1e8229e90_0 .net "fA_mant", 22 0, L_000001f1e8239f00;  1 drivers
v000001f1e822a750_0 .net "fA_nan", 0 0, L_000001f1e8285f80;  1 drivers
v000001f1e822ae30_0 .net "fA_sig", 23 0, L_000001f1e8239140;  1 drivers
v000001f1e8229a30_0 .net "fA_sign", 0 0, L_000001f1e8239000;  1 drivers
v000001f1e8229b70_0 .net "fA_zero", 0 0, L_000001f1e8286ca0;  1 drivers
v000001f1e8229c10_0 .net "fB_exp", 7 0, L_000001f1e8239fa0;  1 drivers
v000001f1e822a070_0 .net "fB_inf", 0 0, L_000001f1e8286530;  1 drivers
v000001f1e822a1b0_0 .net "fB_mant", 22 0, L_000001f1e82393c0;  1 drivers
v000001f1e82281d0_0 .net "fB_nan", 0 0, L_000001f1e82867d0;  1 drivers
v000001f1e82290d0_0 .net "fB_sig", 23 0, L_000001f1e8238ba0;  1 drivers
v000001f1e8228a90_0 .net "fB_sign", 0 0, L_000001f1e8238d80;  1 drivers
v000001f1e8228bd0_0 .net "fB_sign_raw", 0 0, L_000001f1e823a540;  1 drivers
v000001f1e82286d0_0 .net "fB_zero", 0 0, L_000001f1e8286b50;  1 drivers
v000001f1e8227370_0 .net "inf_minus_inf", 0 0, L_000001f1e82874f0;  1 drivers
v000001f1e8228310_0 .net "is_sub", 0 0, L_000001f1e8239820;  alias, 1 drivers
v000001f1e8227ff0_0 .net "lz", 4 0, L_000001f1e823b300;  1 drivers
v000001f1e82289f0_0 .net "mant_norm", 22 0, L_000001f1e823be40;  1 drivers
v000001f1e8228450_0 .net "norm_field", 24 0, L_000001f1e82387e0;  1 drivers
v000001f1e82295d0_0 .net "res_sign", 0 0, L_000001f1e8286ed0;  1 drivers
v000001f1e8227c30_0 .net "same_sign", 0 0, L_000001f1e8286300;  1 drivers
v000001f1e8229170_0 .net "shift_amt", 5 0, L_000001f1e8239320;  1 drivers
v000001f1e8228270_0 .net "shifted_sig", 24 0, L_000001f1e823bd00;  1 drivers
v000001f1e82275f0_0 .net "sig_big", 23 0, L_000001f1e8238060;  1 drivers
v000001f1e82277d0_0 .net "sig_big_ext", 25 0, L_000001f1e8238380;  1 drivers
v000001f1e8228e50_0 .net "sig_small", 23 0, L_000001f1e8239460;  1 drivers
v000001f1e8228b30_0 .net "sig_small_ext", 25 0, L_000001f1e8237f20;  1 drivers
v000001f1e8228f90_0 .net "sig_sum", 26 0, L_000001f1e8238740;  1 drivers
v000001f1e8228090_0 .net "sign_big", 0 0, L_000001f1e8239280;  1 drivers
v000001f1e8227690_0 .net "sign_small", 0 0, L_000001f1e8239be0;  1 drivers
L_000001f1e8239000 .part v000001f1e82364e0_0, 31, 1;
L_000001f1e823a2c0 .part v000001f1e82364e0_0, 23, 8;
L_000001f1e8239f00 .part v000001f1e82364e0_0, 0, 23;
L_000001f1e823a540 .part v000001f1e8236c60_0, 31, 1;
L_000001f1e8239fa0 .part v000001f1e8236c60_0, 23, 8;
L_000001f1e82393c0 .part v000001f1e8236c60_0, 0, 23;
L_000001f1e8238d80 .functor MUXZ 1, L_000001f1e823a540, L_000001f1e8287870, L_000001f1e8239820, C4<>;
L_000001f1e82396e0 .cmp/eq 8, L_000001f1e823a2c0, L_000001f1e823e2c8;
L_000001f1e823a040 .concat [ 23 9 0 0], L_000001f1e8239f00, L_000001f1e823e310;
L_000001f1e8238e20 .cmp/ne 32, L_000001f1e823a040, L_000001f1e823e358;
L_000001f1e8239640 .cmp/eq 8, L_000001f1e8239fa0, L_000001f1e823e3a0;
L_000001f1e823a400 .concat [ 23 9 0 0], L_000001f1e82393c0, L_000001f1e823e3e8;
L_000001f1e8238ec0 .cmp/ne 32, L_000001f1e823a400, L_000001f1e823e430;
L_000001f1e8239780 .cmp/eq 8, L_000001f1e823a2c0, L_000001f1e823e478;
L_000001f1e8237e80 .concat [ 23 9 0 0], L_000001f1e8239f00, L_000001f1e823e4c0;
L_000001f1e8238880 .cmp/eq 32, L_000001f1e8237e80, L_000001f1e823e508;
L_000001f1e82395a0 .cmp/eq 8, L_000001f1e8239fa0, L_000001f1e823e550;
L_000001f1e8238560 .concat [ 23 9 0 0], L_000001f1e82393c0, L_000001f1e823e598;
L_000001f1e8239dc0 .cmp/eq 32, L_000001f1e8238560, L_000001f1e823e5e0;
L_000001f1e8239960 .cmp/eq 8, L_000001f1e823a2c0, L_000001f1e823e628;
L_000001f1e8238a60 .concat [ 23 9 0 0], L_000001f1e8239f00, L_000001f1e823e670;
L_000001f1e8238240 .cmp/eq 32, L_000001f1e8238a60, L_000001f1e823e6b8;
L_000001f1e8238f60 .cmp/eq 8, L_000001f1e8239fa0, L_000001f1e823e700;
L_000001f1e82398c0 .concat [ 23 9 0 0], L_000001f1e82393c0, L_000001f1e823e748;
L_000001f1e823a180 .cmp/eq 32, L_000001f1e82398c0, L_000001f1e823e790;
L_000001f1e8239d20 .cmp/ne 8, L_000001f1e823a2c0, L_000001f1e823e7d8;
L_000001f1e8239140 .concat [ 23 1 0 0], L_000001f1e8239f00, L_000001f1e8239d20;
L_000001f1e8238b00 .cmp/ne 8, L_000001f1e8239fa0, L_000001f1e823e820;
L_000001f1e8238ba0 .concat [ 23 1 0 0], L_000001f1e82393c0, L_000001f1e8238b00;
L_000001f1e8239aa0 .cmp/ge 8, L_000001f1e823a2c0, L_000001f1e8239fa0;
L_000001f1e82391e0 .functor MUXZ 8, L_000001f1e8239fa0, L_000001f1e823a2c0, L_000001f1e8239aa0, C4<>;
L_000001f1e8239b40 .functor MUXZ 8, L_000001f1e823a2c0, L_000001f1e8239fa0, L_000001f1e8239aa0, C4<>;
L_000001f1e8238c40 .arith/sub 8, L_000001f1e82391e0, L_000001f1e8239b40;
L_000001f1e8238060 .functor MUXZ 24, L_000001f1e8238ba0, L_000001f1e8239140, L_000001f1e8239aa0, C4<>;
L_000001f1e8239280 .functor MUXZ 1, L_000001f1e8238d80, L_000001f1e8239000, L_000001f1e8239aa0, C4<>;
L_000001f1e8239460 .functor MUXZ 24, L_000001f1e8239140, L_000001f1e8238ba0, L_000001f1e8239aa0, C4<>;
L_000001f1e8239be0 .functor MUXZ 1, L_000001f1e8239000, L_000001f1e8238d80, L_000001f1e8239aa0, C4<>;
L_000001f1e823a0e0 .concat [ 8 24 0 0], L_000001f1e8238c40, L_000001f1e823e868;
L_000001f1e8239c80 .cmp/gt 32, L_000001f1e823a0e0, L_000001f1e823e8b0;
L_000001f1e823a5e0 .part L_000001f1e8238c40, 0, 6;
L_000001f1e8239320 .functor MUXZ 6, L_000001f1e823a5e0, L_000001f1e823e8f8, L_000001f1e8239c80, C4<>;
L_000001f1e8238380 .concat [ 2 24 0 0], L_000001f1e823e940, L_000001f1e8238060;
L_000001f1e8239500 .concat [ 2 24 0 0], L_000001f1e823e988, L_000001f1e8239460;
L_000001f1e8237f20 .shift/r 26, L_000001f1e8239500, L_000001f1e8239320;
L_000001f1e823a360 .concat [ 26 1 0 0], L_000001f1e8238380, L_000001f1e823e9d0;
L_000001f1e8238600 .concat [ 26 1 0 0], L_000001f1e8237f20, L_000001f1e823ea18;
L_000001f1e8238100 .arith/sum 27, L_000001f1e823a360, L_000001f1e8238600;
L_000001f1e82381a0 .concat [ 26 1 0 0], L_000001f1e8238380, L_000001f1e823ea60;
L_000001f1e8238420 .concat [ 26 1 0 0], L_000001f1e8237f20, L_000001f1e823eaa8;
L_000001f1e82386a0 .arith/sub 27, L_000001f1e82381a0, L_000001f1e8238420;
L_000001f1e8238740 .functor MUXZ 27, L_000001f1e82386a0, L_000001f1e8238100, L_000001f1e8286300, C4<>;
L_000001f1e82387e0 .part L_000001f1e8238740, 2, 25;
L_000001f1e823b620 .part L_000001f1e8238740, 26, 1;
L_000001f1e823b6c0 .part L_000001f1e82387e0, 24, 1;
L_000001f1e823c8e0 .part L_000001f1e82387e0, 23, 1;
L_000001f1e823c200 .part L_000001f1e82387e0, 22, 1;
L_000001f1e823b8a0 .part L_000001f1e82387e0, 21, 1;
L_000001f1e823bda0 .part L_000001f1e82387e0, 20, 1;
L_000001f1e823b1c0 .part L_000001f1e82387e0, 19, 1;
L_000001f1e823afe0 .part L_000001f1e82387e0, 18, 1;
L_000001f1e823cac0 .part L_000001f1e82387e0, 17, 1;
L_000001f1e823a7c0 .part L_000001f1e82387e0, 16, 1;
L_000001f1e823bf80 .part L_000001f1e82387e0, 15, 1;
L_000001f1e823b9e0 .part L_000001f1e82387e0, 14, 1;
L_000001f1e823a720 .part L_000001f1e82387e0, 13, 1;
L_000001f1e823cb60 .part L_000001f1e82387e0, 12, 1;
L_000001f1e823c2a0 .part L_000001f1e82387e0, 11, 1;
L_000001f1e823b120 .part L_000001f1e82387e0, 10, 1;
L_000001f1e823c0c0 .part L_000001f1e82387e0, 9, 1;
L_000001f1e823ba80 .part L_000001f1e82387e0, 8, 1;
L_000001f1e823b800 .part L_000001f1e82387e0, 7, 1;
L_000001f1e823ca20 .part L_000001f1e82387e0, 6, 1;
L_000001f1e823c700 .part L_000001f1e82387e0, 5, 1;
L_000001f1e823cd40 .part L_000001f1e82387e0, 4, 1;
L_000001f1e823c660 .part L_000001f1e82387e0, 3, 1;
L_000001f1e823b760 .part L_000001f1e82387e0, 2, 1;
L_000001f1e823ac20 .part L_000001f1e82387e0, 1, 1;
L_000001f1e823c980 .functor MUXZ 5, L_000001f1e823f1b0, L_000001f1e823f168, L_000001f1e823ac20, C4<>;
L_000001f1e823acc0 .functor MUXZ 5, L_000001f1e823c980, L_000001f1e823f120, L_000001f1e823b760, C4<>;
L_000001f1e823bee0 .functor MUXZ 5, L_000001f1e823acc0, L_000001f1e823f0d8, L_000001f1e823c660, C4<>;
L_000001f1e823c520 .functor MUXZ 5, L_000001f1e823bee0, L_000001f1e823f090, L_000001f1e823cd40, C4<>;
L_000001f1e823b940 .functor MUXZ 5, L_000001f1e823c520, L_000001f1e823f048, L_000001f1e823c700, C4<>;
L_000001f1e823c5c0 .functor MUXZ 5, L_000001f1e823b940, L_000001f1e823f000, L_000001f1e823ca20, C4<>;
L_000001f1e823bb20 .functor MUXZ 5, L_000001f1e823c5c0, L_000001f1e823efb8, L_000001f1e823b800, C4<>;
L_000001f1e823b080 .functor MUXZ 5, L_000001f1e823bb20, L_000001f1e823ef70, L_000001f1e823ba80, C4<>;
L_000001f1e823b440 .functor MUXZ 5, L_000001f1e823b080, L_000001f1e823ef28, L_000001f1e823c0c0, C4<>;
L_000001f1e823ab80 .functor MUXZ 5, L_000001f1e823b440, L_000001f1e823eee0, L_000001f1e823b120, C4<>;
L_000001f1e823b580 .functor MUXZ 5, L_000001f1e823ab80, L_000001f1e823ee98, L_000001f1e823c2a0, C4<>;
L_000001f1e823ad60 .functor MUXZ 5, L_000001f1e823b580, L_000001f1e823ee50, L_000001f1e823cb60, C4<>;
L_000001f1e823b260 .functor MUXZ 5, L_000001f1e823ad60, L_000001f1e823ee08, L_000001f1e823a720, C4<>;
L_000001f1e823cca0 .functor MUXZ 5, L_000001f1e823b260, L_000001f1e823edc0, L_000001f1e823b9e0, C4<>;
L_000001f1e823a680 .functor MUXZ 5, L_000001f1e823cca0, L_000001f1e823ed78, L_000001f1e823bf80, C4<>;
L_000001f1e823c340 .functor MUXZ 5, L_000001f1e823a680, L_000001f1e823ed30, L_000001f1e823a7c0, C4<>;
L_000001f1e823cde0 .functor MUXZ 5, L_000001f1e823c340, L_000001f1e823ece8, L_000001f1e823cac0, C4<>;
L_000001f1e823a860 .functor MUXZ 5, L_000001f1e823cde0, L_000001f1e823eca0, L_000001f1e823afe0, C4<>;
L_000001f1e823cc00 .functor MUXZ 5, L_000001f1e823a860, L_000001f1e823ec58, L_000001f1e823b1c0, C4<>;
L_000001f1e823a900 .functor MUXZ 5, L_000001f1e823cc00, L_000001f1e823ec10, L_000001f1e823bda0, C4<>;
L_000001f1e823c480 .functor MUXZ 5, L_000001f1e823a900, L_000001f1e823ebc8, L_000001f1e823b8a0, C4<>;
L_000001f1e823bc60 .functor MUXZ 5, L_000001f1e823c480, L_000001f1e823eb80, L_000001f1e823c200, C4<>;
L_000001f1e823bbc0 .functor MUXZ 5, L_000001f1e823bc60, L_000001f1e823eb38, L_000001f1e823c8e0, C4<>;
L_000001f1e823b300 .functor MUXZ 5, L_000001f1e823bbc0, L_000001f1e823eaf0, L_000001f1e823b6c0, C4<>;
L_000001f1e823c7a0 .part L_000001f1e82387e0, 1, 24;
L_000001f1e823c020 .concat [ 24 1 0 0], L_000001f1e823c7a0, L_000001f1e823f1f8;
L_000001f1e823c160 .shift/l 25, L_000001f1e82387e0, L_000001f1e823b300;
L_000001f1e823bd00 .functor MUXZ 25, L_000001f1e823c160, L_000001f1e823c020, L_000001f1e823b620, C4<>;
L_000001f1e823b3a0 .arith/sum 8, L_000001f1e82391e0, L_000001f1e823f240;
L_000001f1e823c840 .concat [ 5 3 0 0], L_000001f1e823b300, L_000001f1e823f288;
L_000001f1e823b4e0 .arith/sub 8, L_000001f1e82391e0, L_000001f1e823c840;
L_000001f1e823a9a0 .functor MUXZ 8, L_000001f1e823b4e0, L_000001f1e823b3a0, L_000001f1e823b620, C4<>;
L_000001f1e823be40 .part L_000001f1e823bd00, 1, 23;
L_000001f1e823c3e0 .concat [ 23 8 1 0], L_000001f1e823f360, L_000001f1e823f318, L_000001f1e8239000;
L_000001f1e823aa40 .concat [ 23 8 1 0], L_000001f1e823f3f0, L_000001f1e823f3a8, L_000001f1e8238d80;
L_000001f1e823aae0 .cmp/eq 25, L_000001f1e82387e0, L_000001f1e823f480;
L_000001f1e823ae00 .concat [ 23 8 1 0], L_000001f1e823be40, L_000001f1e823a9a0, L_000001f1e8286ed0;
L_000001f1e823aea0 .functor MUXZ 32, L_000001f1e823ae00, L_000001f1e823f4c8, L_000001f1e823aae0, C4<>;
L_000001f1e823af40 .functor MUXZ 32, L_000001f1e823aea0, L_000001f1e823f438, L_000001f1e8286f40, C4<>;
L_000001f1e823d100 .functor MUXZ 32, L_000001f1e823af40, L_000001f1e823aa40, L_000001f1e8286530, C4<>;
L_000001f1e823d420 .functor MUXZ 32, L_000001f1e823d100, L_000001f1e823c3e0, L_000001f1e8285ff0, C4<>;
L_000001f1e823d560 .functor MUXZ 32, L_000001f1e823d420, L_000001f1e823f2d0, L_000001f1e82860d0, C4<>;
S_000001f1e80ede90 .scope module, "fpdivision_inst" "fpdivision" 3 131, 7 1 0, S_000001f1e80de390;
 .timescale -9 -12;
    .port_info 0 /INPUT 1 "clk";
    .port_info 1 /INPUT 1 "reset";
    .port_info 2 /INPUT 32 "dataA";
    .port_info 3 /INPUT 32 "dataB";
    .port_info 4 /INPUT 1 "pushNewDiv";
    .port_info 5 /OUTPUT 32 "quoOut";
    .port_info 6 /OUTPUT 1 "busy";
    .port_info 7 /OUTPUT 1 "done";
    .port_info 8 /OUTPUT 1 "exceptionRaised";
P_000001f1e80fdb00 .param/l "COMPUTE" 1 7 23, +C4<00000000000000000000000000000001>;
P_000001f1e80fdb38 .param/l "EXCEPTION" 1 7 24, +C4<00000000000000000000000000000010>;
P_000001f1e80fdb70 .param/l "IDLE" 1 7 22, +C4<00000000000000000000000000000000>;
L_000001f1e8287950 .functor XOR 1, L_000001f1e82999c0, L_000001f1e82997e0, C4<0>, C4<0>;
L_000001f1e8287020 .functor NOT 1, L_000001f1e829af00, C4<0>, C4<0>, C4<0>;
L_000001f1e823f798 .functor BUFT 1, C4<00000000000000000000000000000000>, C4<0>, C4<0>, C4<0>;
v000001f1e8229670_0 .net/2u *"_ivl_0", 31 0, L_000001f1e823f798;  1 drivers
v000001f1e8227410_0 .net *"_ivl_10", 31 0, L_000001f1e829ad20;  1 drivers
L_000001f1e823f7e0 .functor BUFT 1, C4<00000000>, C4<0>, C4<0>, C4<0>;
v000001f1e82293f0_0 .net *"_ivl_13", 7 0, L_000001f1e823f7e0;  1 drivers
v000001f1e8227730_0 .net *"_ivl_14", 22 0, L_000001f1e8299ba0;  1 drivers
v000001f1e8228810_0 .net *"_ivl_20", 31 0, L_000001f1e8299420;  1 drivers
L_000001f1e823f828 .functor BUFT 1, C4<00000000>, C4<0>, C4<0>, C4<0>;
v000001f1e8228ef0_0 .net *"_ivl_23", 7 0, L_000001f1e823f828;  1 drivers
L_000001f1e823f870 .functor BUFT 1, C4<1>, C4<0>, C4<0>, C4<0>;
v000001f1e8228c70_0 .net/2s *"_ivl_27", 0 0, L_000001f1e823f870;  1 drivers
L_000001f1e823f8b8 .functor BUFT 1, C4<1>, C4<0>, C4<0>, C4<0>;
v000001f1e82298f0_0 .net/2s *"_ivl_32", 0 0, L_000001f1e823f8b8;  1 drivers
v000001f1e8229030_0 .net *"_ivl_34", 7 0, L_000001f1e829a320;  1 drivers
L_000001f1e823f900 .functor BUFT 1, C4<0000000>, C4<0>, C4<0>, C4<0>;
v000001f1e8228d10_0 .net/2u *"_ivl_36", 6 0, L_000001f1e823f900;  1 drivers
v000001f1e8228130_0 .net *"_ivl_38", 7 0, L_000001f1e829a0a0;  1 drivers
v000001f1e8229210_0 .net *"_ivl_4", 22 0, L_000001f1e829a280;  1 drivers
v000001f1e8229990_0 .net *"_ivl_40", 7 0, L_000001f1e829adc0;  1 drivers
L_000001f1e823f948 .functor BUFT 1, C4<01111111>, C4<0>, C4<0>, C4<0>;
v000001f1e8228db0_0 .net/2u *"_ivl_42", 7 0, L_000001f1e823f948;  1 drivers
v000001f1e8227d70_0 .net *"_ivl_48", 23 0, L_000001f1e829ae60;  1 drivers
v000001f1e8227af0_0 .net *"_ivl_53", 0 0, L_000001f1e829af00;  1 drivers
v000001f1e8227230_0 .net *"_ivl_57", 0 0, L_000001f1e829a460;  1 drivers
v000001f1e8227870_0 .net *"_ivl_59", 22 0, L_000001f1e829afa0;  1 drivers
v000001f1e82283b0_0 .net *"_ivl_61", 22 0, L_000001f1e8298980;  1 drivers
v000001f1e8227e10_0 .var "busy", 0 0;
v000001f1e82292b0_0 .net "clk", 0 0, v000001f1e8237160_0;  alias, 1 drivers
v000001f1e8227eb0_0 .var "count", 4 0;
v000001f1e8227910_0 .net "dataA", 31 0, v000001f1e82364e0_0;  alias, 1 drivers
v000001f1e8229350_0 .var "dataASave", 23 0;
v000001f1e8229490_0 .net "dataB", 31 0, v000001f1e8236c60_0;  alias, 1 drivers
v000001f1e8229530_0 .var "dataBSave", 23 0;
v000001f1e82279b0_0 .net "divByZero", 0 0, L_000001f1e8299ce0;  1 drivers
v000001f1e8228630_0 .var "done", 0 0;
v000001f1e82284f0_0 .var "exceptionRaised", 0 0;
v000001f1e8227f50_0 .net "expA", 7 0, L_000001f1e829ac80;  1 drivers
v000001f1e8228590_0 .net "expB", 7 0, L_000001f1e8298d40;  1 drivers
v000001f1e8228770_0 .net "expOut", 7 0, L_000001f1e829b0e0;  1 drivers
v000001f1e82288b0_0 .net "extraAdding", 0 0, L_000001f1e8287020;  1 drivers
v000001f1e8227b90_0 .net "finalWriting", 22 0, L_000001f1e8299c40;  1 drivers
v000001f1e8229710_0 .net "mantissaA", 23 0, L_000001f1e8298a20;  1 drivers
v000001f1e8229850_0 .net "mantissaB", 23 0, L_000001f1e829a000;  1 drivers
v000001f1e8228950_0 .net "pushNewDiv", 0 0, L_000001f1e8287090;  alias, 1 drivers
v000001f1e82297b0_0 .var "quoOut", 31 0;
v000001f1e82272d0_0 .var "quotient", 23 0;
v000001f1e82274b0_0 .var "remainder", 23 0;
v000001f1e8227550_0 .net "remainderCompute", 0 0, L_000001f1e829a140;  1 drivers
v000001f1e8227a50_0 .net "reset", 0 0, v000001f1e8235f40_0;  alias, 1 drivers
v000001f1e822c8c0_0 .net "signA", 0 0, L_000001f1e82999c0;  1 drivers
v000001f1e822d900_0 .net "signB", 0 0, L_000001f1e82997e0;  1 drivers
v000001f1e822c000_0 .net "signOut", 0 0, L_000001f1e8287950;  1 drivers
v000001f1e822bba0_0 .var "state", 1 0;
L_000001f1e8299ce0 .cmp/eq 32, v000001f1e8236c60_0, L_000001f1e823f798;
L_000001f1e82999c0 .part L_000001f1e829ad20, 31, 1;
L_000001f1e829ac80 .part L_000001f1e829ad20, 23, 8;
L_000001f1e829a280 .part L_000001f1e829ad20, 0, 23;
L_000001f1e829ad20 .concat [ 24 8 0 0], v000001f1e8229350_0, L_000001f1e823f7e0;
L_000001f1e82997e0 .part L_000001f1e8299420, 31, 1;
L_000001f1e8298d40 .part L_000001f1e8299420, 23, 8;
L_000001f1e8299ba0 .part L_000001f1e8299420, 0, 23;
L_000001f1e8299420 .concat [ 24 8 0 0], v000001f1e8229530_0, L_000001f1e823f828;
L_000001f1e8298a20 .concat8 [ 23 1 0 0], L_000001f1e829a280, L_000001f1e823f870;
L_000001f1e829a000 .concat8 [ 23 1 0 0], L_000001f1e8299ba0, L_000001f1e823f8b8;
L_000001f1e829a320 .arith/sub 8, L_000001f1e829ac80, L_000001f1e8298d40;
L_000001f1e829a0a0 .concat [ 1 7 0 0], L_000001f1e8287020, L_000001f1e823f900;
L_000001f1e829adc0 .arith/sub 8, L_000001f1e829a320, L_000001f1e829a0a0;
L_000001f1e829b0e0 .arith/sum 8, L_000001f1e829adc0, L_000001f1e823f948;
L_000001f1e829ae60 .arith/sub 24, v000001f1e82274b0_0, v000001f1e8229530_0;
L_000001f1e829a140 .part L_000001f1e829ae60, 0, 1;
L_000001f1e829af00 .part v000001f1e82272d0_0, 23, 1;
L_000001f1e829a460 .part v000001f1e82272d0_0, 23, 1;
L_000001f1e829afa0 .part v000001f1e82272d0_0, 1, 23;
L_000001f1e8298980 .part v000001f1e82272d0_0, 0, 23;
L_000001f1e8299c40 .functor MUXZ 23, L_000001f1e8298980, L_000001f1e829afa0, L_000001f1e829a460, C4<>;
S_000001f1e8095c40 .scope module, "fpmult_inst" "fpmult" 3 117, 8 1 0, S_000001f1e80de390;
 .timescale -9 -12;
    .port_info 0 /INPUT 1 "clk";
    .port_info 1 /INPUT 1 "reset";
    .port_info 2 /INPUT 32 "dataA";
    .port_info 3 /INPUT 32 "dataB";
    .port_info 4 /INPUT 1 "pushNewMult";
    .port_info 5 /OUTPUT 32 "dataOut";
    .port_info 6 /OUTPUT 1 "busy";
    .port_info 7 /OUTPUT 1 "done";
P_000001f1e81ad880 .param/l "COMPUTE_1" 1 8 40, +C4<00000000000000000000000000000001>;
P_000001f1e81ad8b8 .param/l "COMPUTE_2" 1 8 41, +C4<00000000000000000000000000000010>;
P_000001f1e81ad8f0 .param/l "COMPUTE_3" 1 8 42, +C4<00000000000000000000000000000011>;
P_000001f1e81ad928 .param/l "IDLE" 1 8 39, +C4<00000000000000000000000000000000>;
P_000001f1e81ad960 .param/l "SEND_ANS" 1 8 43, +C4<00000000000000000000000000000100>;
v000001f1e822c3c0_0 .net *"_ivl_11", 22 0, L_000001f1e829a780;  1 drivers
L_000001f1e823f5e8 .functor BUFT 1, C4<1>, C4<0>, C4<0>, C4<0>;
v000001f1e822c820_0 .net/2u *"_ivl_14", 0 0, L_000001f1e823f5e8;  1 drivers
v000001f1e822d180_0 .net *"_ivl_17", 22 0, L_000001f1e829ab40;  1 drivers
v000001f1e822d220_0 .net *"_ivl_20", 23 0, L_000001f1e8299880;  1 drivers
L_000001f1e823f630 .functor BUFT 1, C4<000000000000>, C4<0>, C4<0>, C4<0>;
v000001f1e822c1e0_0 .net *"_ivl_23", 11 0, L_000001f1e823f630;  1 drivers
v000001f1e822d680_0 .net *"_ivl_24", 23 0, L_000001f1e8299ec0;  1 drivers
L_000001f1e823f678 .functor BUFT 1, C4<000000000000>, C4<0>, C4<0>, C4<0>;
v000001f1e822d2c0_0 .net *"_ivl_27", 11 0, L_000001f1e823f678;  1 drivers
v000001f1e822b600_0 .net *"_ivl_30", 7 0, L_000001f1e829abe0;  1 drivers
L_000001f1e823f6c0 .functor BUFT 1, C4<000000>, C4<0>, C4<0>, C4<0>;
v000001f1e822d7c0_0 .net/2u *"_ivl_32", 5 0, L_000001f1e823f6c0;  1 drivers
v000001f1e822d360_0 .net *"_ivl_34", 7 0, L_000001f1e8299f60;  1 drivers
L_000001f1e823f708 .functor BUFT 1, C4<00>, C4<0>, C4<0>, C4<0>;
v000001f1e822c780_0 .net/2u *"_ivl_38", 1 0, L_000001f1e823f708;  1 drivers
v000001f1e822c280_0 .net *"_ivl_40", 0 0, L_000001f1e829a5a0;  1 drivers
v000001f1e822d0e0_0 .net *"_ivl_43", 23 0, L_000001f1e829b040;  1 drivers
L_000001f1e823f750 .functor BUFT 1, C4<01>, C4<0>, C4<0>, C4<0>;
v000001f1e822caa0_0 .net/2u *"_ivl_44", 1 0, L_000001f1e823f750;  1 drivers
v000001f1e822c320_0 .net *"_ivl_46", 0 0, L_000001f1e829a6e0;  1 drivers
v000001f1e822cbe0_0 .net *"_ivl_49", 23 0, L_000001f1e8298de0;  1 drivers
v000001f1e822c460_0 .net *"_ivl_51", 23 0, L_000001f1e8299740;  1 drivers
v000001f1e822d540_0 .net *"_ivl_52", 23 0, L_000001f1e829a960;  1 drivers
L_000001f1e823f5a0 .functor BUFT 1, C4<1>, C4<0>, C4<0>, C4<0>;
v000001f1e822c640_0 .net/2u *"_ivl_8", 0 0, L_000001f1e823f5a0;  1 drivers
v000001f1e822d860_0 .var "busy", 0 0;
v000001f1e822d040_0 .net "clk", 0 0, v000001f1e8237160_0;  alias, 1 drivers
v000001f1e822d9a0_0 .var "compute1", 23 0;
v000001f1e822d720_0 .var "compute2", 23 0;
v000001f1e822d400_0 .net "dataA", 31 0, v000001f1e82364e0_0;  alias, 1 drivers
v000001f1e822bec0_0 .var "dataASave", 31 0;
v000001f1e822d5e0_0 .net "dataB", 31 0, v000001f1e8236c60_0;  alias, 1 drivers
v000001f1e822b240_0 .var "dataBSave", 31 0;
v000001f1e822c500_0 .var "dataOut", 31 0;
v000001f1e822d4a0_0 .var "done", 0 0;
v000001f1e822c5a0_0 .net "expA", 7 0, L_000001f1e829aa00;  1 drivers
v000001f1e822b2e0_0 .net "expB", 7 0, L_000001f1e8299d80;  1 drivers
v000001f1e822c6e0_0 .net "expFinal", 7 0, L_000001f1e829aaa0;  1 drivers
v000001f1e822c960_0 .var "extraAdding", 1 0;
v000001f1e822cf00_0 .var "finalMult", 47 0;
v000001f1e822c0a0_0 .net "mantissaA", 23 0, L_000001f1e829a8c0;  1 drivers
v000001f1e822ca00_0 .net "mantissaB", 23 0, L_000001f1e8298f20;  1 drivers
v000001f1e822cb40_0 .net "mantissaFinal", 23 0, L_000001f1e829a3c0;  1 drivers
v000001f1e822b380_0 .var "multA", 11 0;
v000001f1e822b420_0 .var "multB", 11 0;
v000001f1e822b4c0_0 .net "multRes", 23 0, L_000001f1e8299560;  1 drivers
v000001f1e822bc40_0 .net "pushNewMult", 0 0, L_000001f1e8286ae0;  alias, 1 drivers
v000001f1e822b560_0 .net "reset", 0 0, v000001f1e8235f40_0;  alias, 1 drivers
v000001f1e822b7e0_0 .net "signA", 0 0, L_000001f1e8299a60;  1 drivers
v000001f1e822be20_0 .net "signB", 0 0, L_000001f1e829a640;  1 drivers
v000001f1e822bce0_0 .var "state", 2 0;
L_000001f1e8299a60 .part v000001f1e822bec0_0, 31, 1;
L_000001f1e829a640 .part v000001f1e822b240_0, 31, 1;
L_000001f1e829aa00 .part v000001f1e822bec0_0, 23, 8;
L_000001f1e8299d80 .part v000001f1e822b240_0, 23, 8;
L_000001f1e829a780 .part v000001f1e822bec0_0, 0, 23;
L_000001f1e829a8c0 .concat [ 23 1 0 0], L_000001f1e829a780, L_000001f1e823f5a0;
L_000001f1e829ab40 .part v000001f1e822b240_0, 0, 23;
L_000001f1e8298f20 .concat [ 23 1 0 0], L_000001f1e829ab40, L_000001f1e823f5e8;
L_000001f1e8299880 .concat [ 12 12 0 0], v000001f1e822b380_0, L_000001f1e823f630;
L_000001f1e8299ec0 .concat [ 12 12 0 0], v000001f1e822b420_0, L_000001f1e823f678;
L_000001f1e8299560 .arith/mult 24, L_000001f1e8299880, L_000001f1e8299ec0;
L_000001f1e829abe0 .arith/sum 8, L_000001f1e829aa00, L_000001f1e8299d80;
L_000001f1e8299f60 .concat [ 2 6 0 0], v000001f1e822c960_0, L_000001f1e823f6c0;
L_000001f1e829aaa0 .arith/sum 8, L_000001f1e829abe0, L_000001f1e8299f60;
L_000001f1e829a5a0 .cmp/eq 2, v000001f1e822c960_0, L_000001f1e823f708;
L_000001f1e829b040 .part v000001f1e822cf00_0, 22, 24;
L_000001f1e829a6e0 .cmp/eq 2, v000001f1e822c960_0, L_000001f1e823f750;
L_000001f1e8298de0 .part v000001f1e822cf00_0, 23, 24;
L_000001f1e8299740 .part v000001f1e822cf00_0, 24, 24;
L_000001f1e829a960 .functor MUXZ 24, L_000001f1e8299740, L_000001f1e8298de0, L_000001f1e829a6e0, C4<>;
L_000001f1e829a3c0 .functor MUXZ 24, L_000001f1e829a960, L_000001f1e829b040, L_000001f1e829a5a0, C4<>;
S_000001f1e80f6d60 .scope module, "intToFp_inst" "intToFp" 3 154, 9 1 0, S_000001f1e80de390;
 .timescale -9 -12;
    .port_info 0 /INPUT 32 "dataIn";
    .port_info 1 /OUTPUT 32 "dataOut";
L_000001f1e8286370 .functor NOT 32, v000001f1e82364e0_0, C4<00000000000000000000000000000000>, C4<00000000000000000000000000000000>, C4<00000000000000000000000000000000>;
v000001f1e822b6a0_0 .net *"_ivl_11", 30 0, L_000001f1e829c8a0;  1 drivers
L_000001f1e823fca8 .functor BUFT 1, C4<00000000000000000000000>, C4<0>, C4<0>, C4<0>;
v000001f1e822b740_0 .net/2u *"_ivl_14", 22 0, L_000001f1e823fca8;  1 drivers
v000001f1e822b880_0 .net *"_ivl_18", 7 0, L_000001f1e829c940;  1 drivers
v000001f1e822bf60_0 .net *"_ivl_2", 31 0, L_000001f1e8286370;  1 drivers
L_000001f1e823fcf0 .functor BUFT 1, C4<000>, C4<0>, C4<0>, C4<0>;
v000001f1e822ce60_0 .net *"_ivl_21", 2 0, L_000001f1e823fcf0;  1 drivers
L_000001f1e823fd38 .functor BUFT 1, C4<00010111>, C4<0>, C4<0>, C4<0>;
v000001f1e822b920_0 .net/2s *"_ivl_22", 7 0, L_000001f1e823fd38;  1 drivers
v000001f1e822c140_0 .net/s *"_ivl_24", 7 0, L_000001f1e829cd00;  1 drivers
L_000001f1e823fd80 .functor BUFT 1, C4<000>, C4<0>, C4<0>, C4<0>;
v000001f1e822cc80_0 .net/2u *"_ivl_28", 2 0, L_000001f1e823fd80;  1 drivers
v000001f1e822cd20_0 .net *"_ivl_30", 7 0, L_000001f1e829d660;  1 drivers
L_000001f1e823fdc8 .functor BUFT 1, C4<01111111>, C4<0>, C4<0>, C4<0>;
v000001f1e822cdc0_0 .net/2u *"_ivl_32", 7 0, L_000001f1e823fdc8;  1 drivers
v000001f1e822b9c0_0 .net *"_ivl_37", 22 0, L_000001f1e829be00;  1 drivers
L_000001f1e823fc60 .functor BUFT 1, C4<00000000000000000000000000000001>, C4<0>, C4<0>, C4<0>;
v000001f1e822ba60_0 .net/2u *"_ivl_4", 31 0, L_000001f1e823fc60;  1 drivers
v000001f1e822bb00_0 .net *"_ivl_9", 30 0, L_000001f1e829bd60;  1 drivers
v000001f1e822bd80_0 .net "dataIn", 31 0, v000001f1e82364e0_0;  alias, 1 drivers
v000001f1e822cfa0_0 .net "dataOut", 31 0, L_000001f1e829c9e0;  alias, 1 drivers
v000001f1e822ebc0_0 .net "expOut", 7 0, L_000001f1e829bf40;  1 drivers
v000001f1e822de00_0 .net "extendedData", 53 0, L_000001f1e829bcc0;  1 drivers
v000001f1e822e300_0 .var "firstOne", 4 0;
v000001f1e822e580_0 .var/i "i", 31 0;
v000001f1e822e080_0 .net "mantissaOut", 23 0, L_000001f1e829d0c0;  1 drivers
v000001f1e822dea0_0 .net "rawData", 30 0, L_000001f1e829c3a0;  1 drivers
v000001f1e822eb20_0 .net "signIn", 0 0, L_000001f1e829c080;  1 drivers
v000001f1e822e440_0 .net "twoComplement", 31 0, L_000001f1e829b720;  1 drivers
E_000001f1e819dfc0 .event anyedge, v000001f1e822dea0_0;
L_000001f1e829c080 .part v000001f1e82364e0_0, 31, 1;
L_000001f1e829b720 .arith/sum 32, L_000001f1e8286370, L_000001f1e823fc60;
L_000001f1e829bd60 .part L_000001f1e829b720, 0, 31;
L_000001f1e829c8a0 .part v000001f1e82364e0_0, 0, 31;
L_000001f1e829c3a0 .functor MUXZ 31, L_000001f1e829c8a0, L_000001f1e829bd60, L_000001f1e829c080, C4<>;
L_000001f1e829bcc0 .concat [ 23 31 0 0], L_000001f1e823fca8, L_000001f1e829c3a0;
L_000001f1e829c940 .concat [ 5 3 0 0], v000001f1e822e300_0, L_000001f1e823fcf0;
L_000001f1e829cd00 .arith/sub 8, L_000001f1e829c940, L_000001f1e823fd38;
L_000001f1e829d0c0 .part/v.s L_000001f1e829bcc0, L_000001f1e829cd00, 24;
L_000001f1e829d660 .concat [ 5 3 0 0], v000001f1e822e300_0, L_000001f1e823fd80;
L_000001f1e829bf40 .arith/sum 8, L_000001f1e829d660, L_000001f1e823fdc8;
L_000001f1e829be00 .part L_000001f1e829d0c0, 0, 23;
L_000001f1e829c9e0 .concat [ 23 8 1 0], L_000001f1e829be00, L_000001f1e829bf40, L_000001f1e829c080;
S_000001f1e8052850 .scope module, "multiplier_inst" "multiplier" 3 72, 10 1 0, S_000001f1e80de390;
 .timescale -9 -12;
    .port_info 0 /INPUT 1 "clk";
    .port_info 1 /INPUT 1 "reset";
    .port_info 2 /INPUT 32 "dataA";
    .port_info 3 /INPUT 32 "dataB";
    .port_info 4 /INPUT 1 "pushNewMult";
    .port_info 5 /INPUT 1 "signed_mode";
    .port_info 6 /OUTPUT 64 "dataOut";
    .port_info 7 /OUTPUT 1 "busy";
    .port_info 8 /OUTPUT 1 "done";
P_000001f1e7fc8580 .param/l "SPLIT_COUNT" 0 10 2, +C4<00000000000000000000000000001000>;
P_000001f1e7fc85b8 .param/l "SPLIT_WIDTH" 1 10 12, +C4<00000000000000000000000000000100>;
v000001f1e822e4e0_0 .net *"_ivl_0", 31 0, L_000001f1e8238ce0;  1 drivers
L_000001f1e823e088 .functor BUFT 1, C4<0000000000000000000000000000>, C4<0>, C4<0>, C4<0>;
v000001f1e822e9e0_0 .net *"_ivl_3", 27 0, L_000001f1e823e088;  1 drivers
L_000001f1e823e0d0 .functor BUFT 1, C4<00000000000000000000000000000100>, C4<0>, C4<0>, C4<0>;
v000001f1e822ea80_0 .net/2u *"_ivl_4", 31 0, L_000001f1e823e0d0;  1 drivers
v000001f1e822ed00_0 .net *"_ivl_7", 31 0, L_000001f1e8238920;  1 drivers
v000001f1e822e800_0 .var "busy", 0 0;
v000001f1e822e620_0 .net "clk", 0 0, v000001f1e8237160_0;  alias, 1 drivers
v000001f1e822e8a0_0 .var "countState", 3 0;
v000001f1e822e6c0_0 .net "dataA", 31 0, L_000001f1e8286c30;  alias, 1 drivers
v000001f1e822dcc0_0 .var "dataACompute", 63 0;
v000001f1e822f020_0 .var "dataASave", 63 0;
v000001f1e822f0c0_0 .net "dataB", 31 0, L_000001f1e82873a0;  alias, 1 drivers
v000001f1e822ef80_0 .var "dataBSave", 63 0;
v000001f1e822dd60_0 .var "dataCompute", 3 0;
v000001f1e822e1c0_0 .var "dataInter", 63 0;
v000001f1e822df40_0 .var "dataOut", 63 0;
v000001f1e822dfe0_0 .net "dataSplitting", 3 0, L_000001f1e8239a00;  1 drivers
v000001f1e822e3a0_0 .var "dataStore", 63 0;
v000001f1e822da40_0 .var "done", 0 0;
v000001f1e822e940_0 .var/i "i", 31 0;
v000001f1e822ec60_0 .net "pushNewMult", 0 0, L_000001f1e82872c0;  alias, 1 drivers
v000001f1e822eda0_0 .net "reset", 0 0, v000001f1e8235f40_0;  alias, 1 drivers
v000001f1e822e760_0 .net "signed_mode", 0 0, L_000001f1e8237340;  alias, 1 drivers
v000001f1e822e120_0 .var "valid", 0 0;
E_000001f1e819e300 .event anyedge, v000001f1e822e1c0_0, v000001f1e822dcc0_0, v000001f1e822dd60_0;
L_000001f1e8238ce0 .concat [ 4 28 0 0], v000001f1e822e8a0_0, L_000001f1e823e088;
L_000001f1e8238920 .arith/mult 32, L_000001f1e8238ce0, L_000001f1e823e0d0;
L_000001f1e8239a00 .part/v v000001f1e822ef80_0, L_000001f1e8238920, 4;
S_000001f1e80529e0 .scope task, "wait_done" "wait_done" 2 51, 2 51 0, S_000001f1e80acdb0;
 .timescale -9 -12;
E_000001f1e819ea40 .event negedge, v000001f1e8234500_0;
TD_tb_ALU.wait_done ;
    %wait E_000001f1e819ea40;
    %end;
    .scope S_000001f1e8052850;
T_3 ;
    %wait E_000001f1e819e300;
    %pushi/vec4 0, 0, 64;
    %store/vec4 v000001f1e822e1c0_0, 0, 64;
    %pushi/vec4 0, 0, 32;
    %store/vec4 v000001f1e822e940_0, 0, 32;
T_3.0 ;
    %load/vec4 v000001f1e822e940_0;
    %cmpi/s 4, 0, 32;
    %jmp/0xz T_3.1, 5;
    %load/vec4 v000001f1e822e1c0_0;
    %load/vec4 v000001f1e822dcc0_0;
    %load/vec4 v000001f1e822dd60_0;
    %load/vec4 v000001f1e822e940_0;
    %part/s 1;
    %replicate 64;
    %and;
    %load/vec4 v000001f1e822e940_0;
    %ix/vec4 4;
    %shiftl 4;
    %add;
    %store/vec4 v000001f1e822e1c0_0, 0, 64;
    %load/vec4 v000001f1e822e940_0;
    %addi 1, 0, 32;
    %store/vec4 v000001f1e822e940_0, 0, 32;
    %jmp T_3.0;
T_3.1 ;
    %jmp T_3;
    .thread T_3, $push;
    .scope S_000001f1e8052850;
T_4 ;
    %wait E_000001f1e819e580;
    %load/vec4 v000001f1e822eda0_0;
    %flag_set/vec4 8;
    %jmp/0xz  T_4.0, 8;
    %pushi/vec4 0, 0, 1;
    %assign/vec4 v000001f1e822e120_0, 0;
    %pushi/vec4 0, 0, 1;
    %assign/vec4 v000001f1e822e800_0, 0;
    %pushi/vec4 0, 0, 1;
    %assign/vec4 v000001f1e822da40_0, 0;
    %pushi/vec4 0, 0, 4;
    %assign/vec4 v000001f1e822e8a0_0, 0;
    %pushi/vec4 0, 0, 64;
    %assign/vec4 v000001f1e822e3a0_0, 0;
    %pushi/vec4 0, 0, 64;
    %assign/vec4 v000001f1e822df40_0, 0;
    %jmp T_4.1;
T_4.0 ;
    %pushi/vec4 0, 0, 1;
    %assign/vec4 v000001f1e822da40_0, 0;
    %load/vec4 v000001f1e822ec60_0;
    %flag_set/vec4 9;
    %flag_get/vec4 9;
    %jmp/0 T_4.4, 9;
    %load/vec4 v000001f1e822e800_0;
    %nor/r;
    %and;
T_4.4;
    %flag_set/vec4 8;
    %jmp/0xz  T_4.2, 8;
    %load/vec4 v000001f1e822e760_0;
    %flag_set/vec4 8;
    %jmp/0 T_4.5, 8;
    %load/vec4 v000001f1e822e6c0_0;
    %parti/s 1, 31, 6;
    %replicate 32;
    %load/vec4 v000001f1e822e6c0_0;
    %concat/vec4; draw_concat_vec4
    %jmp/1 T_4.6, 8;
T_4.5 ; End of true expr.
    %pushi/vec4 0, 0, 32;
    %load/vec4 v000001f1e822e6c0_0;
    %concat/vec4; draw_concat_vec4
    %jmp/0 T_4.6, 8;
 ; End of false expr.
    %blend;
T_4.6;
    %assign/vec4 v000001f1e822f020_0, 0;
    %load/vec4 v000001f1e822e760_0;
    %flag_set/vec4 8;
    %jmp/0 T_4.7, 8;
    %load/vec4 v000001f1e822f0c0_0;
    %parti/s 1, 31, 6;
    %replicate 32;
    %load/vec4 v000001f1e822f0c0_0;
    %concat/vec4; draw_concat_vec4
    %jmp/1 T_4.8, 8;
T_4.7 ; End of true expr.
    %pushi/vec4 0, 0, 32;
    %load/vec4 v000001f1e822f0c0_0;
    %concat/vec4; draw_concat_vec4
    %jmp/0 T_4.8, 8;
 ; End of false expr.
    %blend;
T_4.8;
    %assign/vec4 v000001f1e822ef80_0, 0;
    %pushi/vec4 1, 0, 1;
    %assign/vec4 v000001f1e822e800_0, 0;
    %pushi/vec4 0, 0, 1;
    %assign/vec4 v000001f1e822e120_0, 0;
    %pushi/vec4 0, 0, 4;
    %assign/vec4 v000001f1e822e8a0_0, 0;
T_4.2 ;
    %load/vec4 v000001f1e822e800_0;
    %flag_set/vec4 8;
    %jmp/0xz  T_4.9, 8;
    %load/vec4 v000001f1e822dfe0_0;
    %assign/vec4 v000001f1e822dd60_0, 0;
    %load/vec4 v000001f1e822f020_0;
    %assign/vec4 v000001f1e822dcc0_0, 0;
    %load/vec4 v000001f1e822e120_0;
    %flag_set/vec4 8;
    %jmp/0xz  T_4.11, 8;
    %load/vec4 v000001f1e822e3a0_0;
    %load/vec4 v000001f1e822e1c0_0;
    %add;
    %assign/vec4 v000001f1e822e3a0_0, 0;
    %jmp T_4.12;
T_4.11 ;
    %load/vec4 v000001f1e822e1c0_0;
    %assign/vec4 v000001f1e822e3a0_0, 0;
    %pushi/vec4 1, 0, 1;
    %assign/vec4 v000001f1e822e120_0, 0;
T_4.12 ;
    %load/vec4 v000001f1e822e8a0_0;
    %pad/u 32;
    %cmpi/e 7, 0, 32;
    %jmp/0xz  T_4.13, 4;
    %pushi/vec4 0, 0, 1;
    %assign/vec4 v000001f1e822e800_0, 0;
    %pushi/vec4 0, 0, 1;
    %assign/vec4 v000001f1e822e120_0, 0;
    %pushi/vec4 1, 0, 1;
    %assign/vec4 v000001f1e822da40_0, 0;
    %load/vec4 v000001f1e822e3a0_0;
    %load/vec4 v000001f1e822e1c0_0;
    %add;
    %assign/vec4 v000001f1e822df40_0, 0;
    %pushi/vec4 0, 0, 4;
    %assign/vec4 v000001f1e822e8a0_0, 0;
    %jmp T_4.14;
T_4.13 ;
    %load/vec4 v000001f1e822e8a0_0;
    %addi 1, 0, 4;
    %assign/vec4 v000001f1e822e8a0_0, 0;
T_4.14 ;
T_4.9 ;
T_4.1 ;
    %jmp T_4;
    .thread T_4;
    .scope S_000001f1e80de520;
T_5 ;
    %wait E_000001f1e819e580;
    %load/vec4 v000001f1e821ddd0_0;
    %flag_set/vec4 8;
    %jmp/0xz  T_5.0, 8;
    %pushi/vec4 0, 0, 1;
    %assign/vec4 v000001f1e821cbb0_0, 0;
    %pushi/vec4 0, 0, 1;
    %assign/vec4 v000001f1e821d330_0, 0;
    %pushi/vec4 0, 0, 1;
    %assign/vec4 v000001f1e821dab0_0, 0;
    %pushi/vec4 0, 0, 1;
    %assign/vec4 v000001f1e821e230_0, 0;
    %pushi/vec4 0, 0, 32;
    %assign/vec4 v000001f1e821ced0_0, 0;
    %pushi/vec4 0, 0, 32;
    %assign/vec4 v000001f1e821d970_0, 0;
    %pushi/vec4 0, 0, 32;
    %assign/vec4 v000001f1e821dfb0_0, 0;
    %pushi/vec4 0, 0, 64;
    %assign/vec4 v000001f1e821d650_0, 0;
    %pushi/vec4 0, 0, 32;
    %assign/vec4 v000001f1e821dbf0_0, 0;
    %pushi/vec4 0, 0, 6;
    %assign/vec4 v000001f1e821de70_0, 0;
    %pushi/vec4 0, 0, 1;
    %assign/vec4 v000001f1e821da10_0, 0;
    %pushi/vec4 0, 0, 1;
    %assign/vec4 v000001f1e821e370_0, 0;
    %jmp T_5.1;
T_5.0 ;
    %load/vec4 v000001f1e821cbb0_0;
    %dup/vec4;
    %pushi/vec4 0, 0, 1;
    %cmp/u;
    %jmp/1 T_5.2, 6;
    %dup/vec4;
    %pushi/vec4 1, 0, 1;
    %cmp/u;
    %jmp/1 T_5.3, 6;
    %jmp T_5.5;
T_5.2 ;
    %pushi/vec4 0, 0, 1;
    %assign/vec4 v000001f1e821dab0_0, 0;
    %pushi/vec4 0, 0, 1;
    %assign/vec4 v000001f1e821e230_0, 0;
    %load/vec4 v000001f1e821d8d0_0;
    %flag_set/vec4 8;
    %jmp/0xz  T_5.6, 8;
    %load/vec4 v000001f1e821c9d0_0;
    %flag_set/vec4 8;
    %jmp/0xz  T_5.8, 8;
    %pushi/vec4 4294967295, 0, 32;
    %assign/vec4 v000001f1e821ced0_0, 0;
    %load/vec4 v000001f1e821db50_0;
    %assign/vec4 v000001f1e821d970_0, 0;
    %pushi/vec4 1, 0, 1;
    %assign/vec4 v000001f1e821e230_0, 0;
    %pushi/vec4 1, 0, 1;
    %assign/vec4 v000001f1e821dab0_0, 0;
    %pushi/vec4 0, 0, 1;
    %assign/vec4 v000001f1e821d330_0, 0;
    %jmp T_5.9;
T_5.8 ;
    %load/vec4 v000001f1e821d510_0;
    %flag_set/vec4 8;
    %jmp/0xz  T_5.10, 8;
    %pushi/vec4 2147483648, 0, 32;
    %assign/vec4 v000001f1e821ced0_0, 0;
    %pushi/vec4 0, 0, 32;
    %assign/vec4 v000001f1e821d970_0, 0;
    %pushi/vec4 1, 0, 1;
    %assign/vec4 v000001f1e821e230_0, 0;
    %pushi/vec4 1, 0, 1;
    %assign/vec4 v000001f1e821dab0_0, 0;
    %pushi/vec4 0, 0, 1;
    %assign/vec4 v000001f1e821d330_0, 0;
    %jmp T_5.11;
T_5.10 ;
    %load/vec4 v000001f1e821e2d0_0;
    %load/vec4 v000001f1e821db50_0;
    %parti/s 1, 31, 6;
    %and;
    %assign/vec4 v000001f1e821da10_0, 0;
    %load/vec4 v000001f1e821e2d0_0;
    %load/vec4 v000001f1e821df10_0;
    %parti/s 1, 31, 6;
    %and;
    %assign/vec4 v000001f1e821e370_0, 0;
    %pushi/vec4 0, 0, 32;
    %load/vec4 v000001f1e821e2d0_0;
    %flag_set/vec4 8;
    %jmp/0 T_5.12, 8;
    %load/vec4 v000001f1e821db50_0;
    %store/vec4 v000001f1e81afd00_0, 0, 32;
    %callf/vec4 TD_tb_ALU.dut.divider_inst.absval, S_000001f1e80b68c0;
    %jmp/1 T_5.13, 8;
T_5.12 ; End of true expr.
    %load/vec4 v000001f1e821db50_0;
    %jmp/0 T_5.13, 8;
 ; End of false expr.
    %blend;
T_5.13;
    %concat/vec4; draw_concat_vec4
    %assign/vec4 v000001f1e821d650_0, 0;
    %load/vec4 v000001f1e821e2d0_0;
    %flag_set/vec4 8;
    %jmp/0 T_5.14, 8;
    %load/vec4 v000001f1e821df10_0;
    %store/vec4 v000001f1e81afd00_0, 0, 32;
    %callf/vec4 TD_tb_ALU.dut.divider_inst.absval, S_000001f1e80b68c0;
    %jmp/1 T_5.15, 8;
T_5.14 ; End of true expr.
    %load/vec4 v000001f1e821df10_0;
    %jmp/0 T_5.15, 8;
 ; End of false expr.
    %blend;
T_5.15;
    %assign/vec4 v000001f1e821dbf0_0, 0;
    %pushi/vec4 0, 0, 32;
    %assign/vec4 v000001f1e821dfb0_0, 0;
    %pushi/vec4 32, 0, 6;
    %assign/vec4 v000001f1e821de70_0, 0;
    %pushi/vec4 1, 0, 1;
    %assign/vec4 v000001f1e821d330_0, 0;
    %pushi/vec4 1, 0, 1;
    %assign/vec4 v000001f1e821cbb0_0, 0;
T_5.11 ;
T_5.9 ;
T_5.6 ;
    %jmp T_5.5;
T_5.3 ;
    %load/vec4 v000001f1e821de70_0;
    %cmpi/e 0, 0, 6;
    %jmp/0xz  T_5.16, 4;
    %load/vec4 v000001f1e821da10_0;
    %load/vec4 v000001f1e821e370_0;
    %xor;
    %flag_set/vec4 8;
    %jmp/0 T_5.18, 8;
    %load/vec4 v000001f1e821dfb0_0;
    %inv;
    %addi 1, 0, 32;
    %jmp/1 T_5.19, 8;
T_5.18 ; End of true expr.
    %load/vec4 v000001f1e821dfb0_0;
    %jmp/0 T_5.19, 8;
 ; End of false expr.
    %blend;
T_5.19;
    %assign/vec4 v000001f1e821ced0_0, 0;
    %load/vec4 v000001f1e821da10_0;
    %flag_set/vec4 8;
    %jmp/0 T_5.20, 8;
    %load/vec4 v000001f1e821d650_0;
    %parti/s 32, 0, 2;
    %inv;
    %addi 1, 0, 32;
    %jmp/1 T_5.21, 8;
T_5.20 ; End of true expr.
    %load/vec4 v000001f1e821d650_0;
    %parti/s 32, 0, 2;
    %jmp/0 T_5.21, 8;
 ; End of false expr.
    %blend;
T_5.21;
    %assign/vec4 v000001f1e821d970_0, 0;
    %pushi/vec4 1, 0, 1;
    %assign/vec4 v000001f1e821dab0_0, 0;
    %pushi/vec4 0, 0, 1;
    %assign/vec4 v000001f1e821d330_0, 0;
    %pushi/vec4 0, 0, 1;
    %assign/vec4 v000001f1e821cbb0_0, 0;
    %jmp T_5.17;
T_5.16 ;
    %load/vec4 v000001f1e821de70_0;
    %subi 1, 0, 6;
    %assign/vec4 v000001f1e821de70_0, 0;
    %load/vec4 v000001f1e821cb10_0;
    %parti/s 1, 63, 7;
    %cmpi/e 0, 0, 1;
    %jmp/0xz  T_5.22, 4;
    %pushi/vec4 1, 0, 1;
    %ix/load 5, 0, 0;
    %load/vec4 v000001f1e821de70_0;
    %pad/u 32;
    %subi 1, 0, 32;
    %ix/vec4 4;
    %assign/vec4/off/d v000001f1e821dfb0_0, 4, 5;
    %load/vec4 v000001f1e821cb10_0;
    %assign/vec4 v000001f1e821d650_0, 0;
    %jmp T_5.23;
T_5.22 ;
    %pushi/vec4 0, 0, 1;
    %ix/load 5, 0, 0;
    %load/vec4 v000001f1e821de70_0;
    %pad/u 32;
    %subi 1, 0, 32;
    %ix/vec4 4;
    %assign/vec4/off/d v000001f1e821dfb0_0, 4, 5;
    %load/vec4 v000001f1e821d650_0;
    %ix/load 4, 1, 0;
    %flag_set/imm 4, 0;
    %shiftl 4;
    %assign/vec4 v000001f1e821d650_0, 0;
T_5.23 ;
T_5.17 ;
    %jmp T_5.5;
T_5.5 ;
    %pop/vec4 1;
T_5.1 ;
    %jmp T_5;
    .thread T_5;
    .scope S_000001f1e8095c40;
T_6 ;
    %wait E_000001f1e819e580;
    %load/vec4 v000001f1e822b560_0;
    %flag_set/vec4 8;
    %jmp/0xz  T_6.0, 8;
    %pushi/vec4 0, 0, 3;
    %assign/vec4 v000001f1e822bce0_0, 0;
    %pushi/vec4 0, 0, 1;
    %assign/vec4 v000001f1e822d860_0, 0;
    %pushi/vec4 0, 0, 1;
    %assign/vec4 v000001f1e822d4a0_0, 0;
    %jmp T_6.1;
T_6.0 ;
    %load/vec4 v000001f1e822bce0_0;
    %dup/vec4;
    %pushi/vec4 0, 0, 3;
    %cmp/u;
    %jmp/1 T_6.2, 6;
    %dup/vec4;
    %pushi/vec4 1, 0, 3;
    %cmp/u;
    %jmp/1 T_6.3, 6;
    %dup/vec4;
    %pushi/vec4 2, 0, 3;
    %cmp/u;
    %jmp/1 T_6.4, 6;
    %dup/vec4;
    %pushi/vec4 3, 0, 3;
    %cmp/u;
    %jmp/1 T_6.5, 6;
    %dup/vec4;
    %pushi/vec4 4, 0, 3;
    %cmp/u;
    %jmp/1 T_6.6, 6;
    %jmp T_6.8;
T_6.2 ;
    %pushi/vec4 0, 0, 1;
    %assign/vec4 v000001f1e822d4a0_0, 0;
    %load/vec4 v000001f1e822bc40_0;
    %flag_set/vec4 8;
    %jmp/0xz  T_6.9, 8;
    %load/vec4 v000001f1e822d400_0;
    %assign/vec4 v000001f1e822bec0_0, 0;
    %load/vec4 v000001f1e822d5e0_0;
    %assign/vec4 v000001f1e822bec0_0, 0;
    %pushi/vec4 1, 0, 1;
    %assign/vec4 v000001f1e822d860_0, 0;
    %pushi/vec4 1, 0, 3;
    %assign/vec4 v000001f1e822bce0_0, 0;
    %load/vec4 v000001f1e822c0a0_0;
    %parti/s 12, 12, 5;
    %assign/vec4 v000001f1e822b380_0, 0;
    %load/vec4 v000001f1e822ca00_0;
    %parti/s 12, 12, 5;
    %assign/vec4 v000001f1e822b420_0, 0;
T_6.9 ;
    %jmp T_6.8;
T_6.3 ;
    %load/vec4 v000001f1e822b4c0_0;
    %assign/vec4 v000001f1e822d9a0_0, 0;
    %load/vec4 v000001f1e822c0a0_0;
    %parti/s 12, 0, 2;
    %assign/vec4 v000001f1e822b380_0, 0;
    %load/vec4 v000001f1e822ca00_0;
    %parti/s 12, 0, 2;
    %assign/vec4 v000001f1e822b420_0, 0;
    %pushi/vec4 2, 0, 3;
    %assign/vec4 v000001f1e822bce0_0, 0;
    %jmp T_6.8;
T_6.4 ;
    %load/vec4 v000001f1e822b4c0_0;
    %assign/vec4 v000001f1e822d720_0, 0;
    %load/vec4 v000001f1e822c0a0_0;
    %parti/s 12, 0, 2;
    %load/vec4 v000001f1e822c0a0_0;
    %parti/s 12, 12, 5;
    %add;
    %assign/vec4 v000001f1e822b380_0, 0;
    %load/vec4 v000001f1e822ca00_0;
    %parti/s 12, 0, 2;
    %load/vec4 v000001f1e822ca00_0;
    %parti/s 12, 12, 5;
    %add;
    %assign/vec4 v000001f1e822b420_0, 0;
    %pushi/vec4 3, 0, 3;
    %assign/vec4 v000001f1e822bce0_0, 0;
    %jmp T_6.8;
T_6.5 ;
    %load/vec4 v000001f1e822d9a0_0;
    %pad/u 48;
    %ix/load 4, 24, 0;
    %flag_set/imm 4, 0;
    %shiftl 4;
    %load/vec4 v000001f1e822d720_0;
    %pad/u 48;
    %add;
    %load/vec4 v000001f1e822b4c0_0;
    %pad/u 48;
    %load/vec4 v000001f1e822d9a0_0;
    %pad/u 48;
    %sub;
    %load/vec4 v000001f1e822d720_0;
    %pad/u 48;
    %sub;
    %ix/load 4, 12, 0;
    %flag_set/imm 4, 0;
    %shiftl 4;
    %add;
    %assign/vec4 v000001f1e822cf00_0, 0;
    %load/vec4 v000001f1e822cf00_0;
    %parti/s 1, 47, 7;
    %flag_set/vec4 8;
    %jmp/0 T_6.11, 8;
    %pushi/vec4 2, 0, 3;
    %jmp/1 T_6.12, 8;
T_6.11 ; End of true expr.
    %load/vec4 v000001f1e822cf00_0;
    %parti/s 1, 46, 7;
    %flag_set/vec4 9;
    %jmp/0 T_6.13, 9;
    %pushi/vec4 1, 0, 3;
    %jmp/1 T_6.14, 9;
T_6.13 ; End of true expr.
    %pushi/vec4 0, 0, 3;
    %jmp/0 T_6.14, 9;
 ; End of false expr.
    %blend;
T_6.14;
    %jmp/0 T_6.12, 8;
 ; End of false expr.
    %blend;
T_6.12;
    %pad/s 2;
    %assign/vec4 v000001f1e822c960_0, 0;
    %pushi/vec4 4, 0, 3;
    %assign/vec4 v000001f1e822bce0_0, 0;
    %jmp T_6.8;
T_6.6 ;
    %pushi/vec4 1, 0, 1;
    %assign/vec4 v000001f1e822d4a0_0, 0;
    %pushi/vec4 0, 0, 1;
    %assign/vec4 v000001f1e822d860_0, 0;
    %load/vec4 v000001f1e822b7e0_0;
    %load/vec4 v000001f1e822be20_0;
    %xor;
    %load/vec4 v000001f1e822c6e0_0;
    %concat/vec4; draw_concat_vec4
    %load/vec4 v000001f1e822cb40_0;
    %parti/s 23, 0, 2;
    %concat/vec4; draw_concat_vec4
    %assign/vec4 v000001f1e822c500_0, 0;
    %jmp T_6.8;
T_6.8 ;
    %pop/vec4 1;
T_6.1 ;
    %jmp T_6;
    .thread T_6;
    .scope S_000001f1e80ede90;
T_7 ;
    %wait E_000001f1e819e580;
    %load/vec4 v000001f1e8227a50_0;
    %flag_set/vec4 8;
    %jmp/0xz  T_7.0, 8;
    %pushi/vec4 0, 0, 2;
    %assign/vec4 v000001f1e822bba0_0, 0;
    %pushi/vec4 0, 0, 1;
    %assign/vec4 v000001f1e8227e10_0, 0;
    %pushi/vec4 0, 0, 1;
    %assign/vec4 v000001f1e8228630_0, 0;
    %pushi/vec4 0, 0, 1;
    %assign/vec4 v000001f1e82284f0_0, 0;
    %pushi/vec4 23, 0, 5;
    %assign/vec4 v000001f1e8227eb0_0, 0;
    %jmp T_7.1;
T_7.0 ;
    %load/vec4 v000001f1e822bba0_0;
    %dup/vec4;
    %pushi/vec4 0, 0, 2;
    %cmp/u;
    %jmp/1 T_7.2, 6;
    %dup/vec4;
    %pushi/vec4 1, 0, 2;
    %cmp/u;
    %jmp/1 T_7.3, 6;
    %dup/vec4;
    %pushi/vec4 2, 0, 2;
    %cmp/u;
    %jmp/1 T_7.4, 6;
    %jmp T_7.6;
T_7.2 ;
    %pushi/vec4 0, 0, 1;
    %assign/vec4 v000001f1e8228630_0, 0;
    %pushi/vec4 0, 0, 1;
    %assign/vec4 v000001f1e82284f0_0, 0;
    %load/vec4 v000001f1e8228950_0;
    %flag_set/vec4 8;
    %jmp/0xz  T_7.7, 8;
    %load/vec4 v000001f1e8227910_0;
    %pad/u 24;
    %assign/vec4 v000001f1e8229350_0, 0;
    %load/vec4 v000001f1e8227910_0;
    %pad/u 24;
    %assign/vec4 v000001f1e82274b0_0, 0;
    %load/vec4 v000001f1e8229490_0;
    %pad/u 24;
    %assign/vec4 v000001f1e8229530_0, 0;
    %pushi/vec4 0, 0, 24;
    %assign/vec4 v000001f1e82272d0_0, 0;
    %pushi/vec4 1, 0, 1;
    %assign/vec4 v000001f1e8227e10_0, 0;
    %load/vec4 v000001f1e82279b0_0;
    %flag_set/vec4 8;
    %jmp/0xz  T_7.9, 8;
    %pushi/vec4 2, 0, 2;
    %assign/vec4 v000001f1e822bba0_0, 0;
    %jmp T_7.10;
T_7.9 ;
    %pushi/vec4 1, 0, 2;
    %assign/vec4 v000001f1e822bba0_0, 0;
T_7.10 ;
T_7.7 ;
    %jmp T_7.6;
T_7.3 ;
    %load/vec4 v000001f1e8227eb0_0;
    %pad/u 32;
    %cmpi/e 0, 0, 32;
    %jmp/0xz  T_7.11, 4;
    %pushi/vec4 1, 0, 1;
    %assign/vec4 v000001f1e8228630_0, 0;
    %pushi/vec4 0, 0, 1;
    %assign/vec4 v000001f1e8227e10_0, 0;
    %pushi/vec4 0, 0, 2;
    %assign/vec4 v000001f1e822bba0_0, 0;
    %load/vec4 v000001f1e822c000_0;
    %load/vec4 v000001f1e8228770_0;
    %concat/vec4; draw_concat_vec4
    %load/vec4 v000001f1e8227b90_0;
    %concat/vec4; draw_concat_vec4
    %assign/vec4 v000001f1e82297b0_0, 0;
    %jmp T_7.12;
T_7.11 ;
    %load/vec4 v000001f1e8227eb0_0;
    %subi 1, 0, 5;
    %assign/vec4 v000001f1e8227eb0_0, 0;
    %load/vec4 v000001f1e8229530_0;
    %load/vec4 v000001f1e82274b0_0;
    %cmp/u;
    %jmp/0xz  T_7.13, 5;
    %load/vec4 v000001f1e8227550_0;
    %pad/u 24;
    %ix/load 4, 1, 0;
    %flag_set/imm 4, 0;
    %shiftl 4;
    %assign/vec4 v000001f1e82274b0_0, 0;
    %pushi/vec4 1, 0, 1;
    %ix/load 5, 0, 0;
    %ix/getv 4, v000001f1e8227eb0_0;
    %assign/vec4/off/d v000001f1e82272d0_0, 4, 5;
    %jmp T_7.14;
T_7.13 ;
    %load/vec4 v000001f1e82274b0_0;
    %ix/load 4, 1, 0;
    %flag_set/imm 4, 0;
    %shiftl 4;
    %assign/vec4 v000001f1e82274b0_0, 0;
    %pushi/vec4 0, 0, 1;
    %ix/load 5, 0, 0;
    %ix/getv 4, v000001f1e8227eb0_0;
    %assign/vec4/off/d v000001f1e82272d0_0, 4, 5;
T_7.14 ;
T_7.12 ;
    %jmp T_7.6;
T_7.4 ;
    %pushi/vec4 1, 0, 1;
    %assign/vec4 v000001f1e8228630_0, 0;
    %pushi/vec4 1, 0, 1;
    %assign/vec4 v000001f1e82284f0_0, 0;
    %pushi/vec4 0, 0, 1;
    %assign/vec4 v000001f1e8227e10_0, 0;
    %pushi/vec4 0, 0, 2;
    %assign/vec4 v000001f1e822bba0_0, 0;
    %jmp T_7.6;
T_7.6 ;
    %pop/vec4 1;
T_7.1 ;
    %jmp T_7;
    .thread T_7;
    .scope S_000001f1e80f6d60;
T_8 ;
    %wait E_000001f1e819dfc0;
    %pushi/vec4 0, 0, 5;
    %store/vec4 v000001f1e822e300_0, 0, 5;
    %pushi/vec4 0, 0, 32;
    %store/vec4 v000001f1e822e580_0, 0, 32;
T_8.0 ;
    %load/vec4 v000001f1e822e580_0;
    %cmpi/s 31, 0, 32;
    %jmp/0xz T_8.1, 5;
    %load/vec4 v000001f1e822dea0_0;
    %load/vec4 v000001f1e822e580_0;
    %part/s 1;
    %flag_set/vec4 8;
    %jmp/0xz  T_8.2, 8;
    %load/vec4 v000001f1e822e580_0;
    %pad/s 5;
    %store/vec4 v000001f1e822e300_0, 0, 5;
T_8.2 ;
    %load/vec4 v000001f1e822e580_0;
    %addi 1, 0, 32;
    %store/vec4 v000001f1e822e580_0, 0, 32;
    %jmp T_8.0;
T_8.1 ;
    %jmp T_8;
    .thread T_8, $push;
    .scope S_000001f1e80de390;
T_9 ;
    %wait E_000001f1e819e9c0;
    %load/vec4 v000001f1e822ee40_0;
    %dup/vec4;
    %pushi/vec4 8, 0, 6;
    %cmp/u;
    %jmp/1 T_9.0, 6;
    %dup/vec4;
    %pushi/vec4 9, 0, 6;
    %cmp/u;
    %jmp/1 T_9.1, 6;
    %dup/vec4;
    %pushi/vec4 0, 0, 6;
    %cmp/u;
    %jmp/1 T_9.2, 6;
    %dup/vec4;
    %pushi/vec4 1, 0, 6;
    %cmp/u;
    %jmp/1 T_9.3, 6;
    %dup/vec4;
    %pushi/vec4 2, 0, 6;
    %cmp/u;
    %jmp/1 T_9.4, 6;
    %dup/vec4;
    %pushi/vec4 4, 0, 6;
    %cmp/u;
    %jmp/1 T_9.5, 6;
    %dup/vec4;
    %pushi/vec4 5, 0, 6;
    %cmp/u;
    %jmp/1 T_9.6, 6;
    %dup/vec4;
    %pushi/vec4 16, 0, 6;
    %cmp/u;
    %jmp/1 T_9.7, 6;
    %dup/vec4;
    %pushi/vec4 15, 0, 6;
    %cmp/u;
    %jmp/1 T_9.8, 6;
    %dup/vec4;
    %pushi/vec4 47, 0, 6;
    %cmp/u;
    %jmp/1 T_9.9, 6;
    %dup/vec4;
    %pushi/vec4 24, 0, 6;
    %cmp/u;
    %jmp/1 T_9.10, 6;
    %dup/vec4;
    %pushi/vec4 25, 0, 6;
    %cmp/u;
    %jmp/1 T_9.11, 6;
    %dup/vec4;
    %pushi/vec4 31, 0, 6;
    %cmp/u;
    %jmp/1 T_9.12, 6;
    %dup/vec4;
    %pushi/vec4 17, 0, 6;
    %cmp/u;
    %jmp/1 T_9.13, 6;
    %dup/vec4;
    %pushi/vec4 18, 0, 6;
    %cmp/u;
    %jmp/1 T_9.14, 6;
    %pushi/vec4 0, 0, 32;
    %store/vec4 v000001f1e8234460_0, 0, 32;
    %jmp T_9.16;
T_9.0 ;
    %load/vec4 v000001f1e82343c0_0;
    %store/vec4 v000001f1e8234460_0, 0, 32;
    %jmp T_9.16;
T_9.1 ;
    %load/vec4 v000001f1e82363a0_0;
    %store/vec4 v000001f1e8234460_0, 0, 32;
    %jmp T_9.16;
T_9.2 ;
    %load/vec4 v000001f1e82378e0_0;
    %store/vec4 v000001f1e8234460_0, 0, 32;
    %jmp T_9.16;
T_9.3 ;
    %load/vec4 v000001f1e8236940_0;
    %store/vec4 v000001f1e8234460_0, 0, 32;
    %jmp T_9.16;
T_9.4 ;
    %load/vec4 v000001f1e8234a00_0;
    %store/vec4 v000001f1e8234460_0, 0, 32;
    %jmp T_9.16;
T_9.5 ;
    %load/vec4 v000001f1e8236300_0;
    %store/vec4 v000001f1e8234460_0, 0, 32;
    %jmp T_9.16;
T_9.6 ;
    %load/vec4 v000001f1e8237ac0_0;
    %store/vec4 v000001f1e8234460_0, 0, 32;
    %jmp T_9.16;
T_9.7 ;
    %load/vec4 v000001f1e8237840_0;
    %store/vec4 v000001f1e8234460_0, 0, 32;
    %jmp T_9.16;
T_9.8 ;
    %load/vec4 v000001f1e82373e0_0;
    %store/vec4 v000001f1e8234460_0, 0, 32;
    %jmp T_9.16;
T_9.9 ;
    %load/vec4 v000001f1e8236f80_0;
    %store/vec4 v000001f1e8234460_0, 0, 32;
    %jmp T_9.16;
T_9.10 ;
    %load/vec4 v000001f1e82345a0_0;
    %store/vec4 v000001f1e8234460_0, 0, 32;
    %jmp T_9.16;
T_9.11 ;
    %load/vec4 v000001f1e82345a0_0;
    %store/vec4 v000001f1e8234460_0, 0, 32;
    %jmp T_9.16;
T_9.12 ;
    %pushi/vec4 0, 0, 31;
    %load/vec4 v000001f1e8234c80_0;
    %concat/vec4; draw_concat_vec4
    %store/vec4 v000001f1e8234460_0, 0, 32;
    %jmp T_9.16;
T_9.13 ;
    %load/vec4 v000001f1e8234dc0_0;
    %store/vec4 v000001f1e8234460_0, 0, 32;
    %jmp T_9.16;
T_9.14 ;
    %load/vec4 v000001f1e8234f00_0;
    %store/vec4 v000001f1e8234460_0, 0, 32;
    %jmp T_9.16;
T_9.16 ;
    %pop/vec4 1;
    %jmp T_9;
    .thread T_9, $push;
    .scope S_000001f1e80de390;
T_10 ;
    %wait E_000001f1e819e000;
    %pushi/vec4 1, 0, 1;
    %dup/vec4;
    %load/vec4 v000001f1e8237520_0;
    %cmp/u;
    %jmp/1 T_10.0, 6;
    %dup/vec4;
    %load/vec4 v000001f1e8233b00_0;
    %cmp/u;
    %jmp/1 T_10.1, 6;
    %dup/vec4;
    %load/vec4 v000001f1e82366c0_0;
    %cmp/u;
    %jmp/1 T_10.2, 6;
    %dup/vec4;
    %load/vec4 v000001f1e8237b60_0;
    %cmp/u;
    %jmp/1 T_10.3, 6;
    %pushi/vec4 0, 0, 32;
    %store/vec4 v000001f1e8236e40_0, 0, 32;
    %pushi/vec4 0, 0, 1;
    %store/vec4 v000001f1e8236120_0, 0, 1;
    %jmp T_10.5;
T_10.0 ;
    %load/vec4 v000001f1e822ee40_0;
    %parti/s 3, 0, 2;
    %cmpi/e 3, 0, 3;
    %flag_mov 8, 4;
    %jmp/0 T_10.6, 8;
    %load/vec4 v000001f1e8237700_0;
    %parti/s 32, 32, 7;
    %jmp/1 T_10.7, 8;
T_10.6 ; End of true expr.
    %load/vec4 v000001f1e8237700_0;
    %parti/s 32, 0, 2;
    %jmp/0 T_10.7, 8;
 ; End of false expr.
    %blend;
T_10.7;
    %store/vec4 v000001f1e8236e40_0, 0, 32;
    %pushi/vec4 0, 0, 1;
    %store/vec4 v000001f1e8236120_0, 0, 1;
    %jmp T_10.5;
T_10.1 ;
    %load/vec4 v000001f1e822ee40_0;
    %parti/s 3, 0, 2;
    %cmpi/e 5, 0, 3;
    %flag_mov 8, 4;
    %jmp/0 T_10.8, 8;
    %load/vec4 v000001f1e8236580_0;
    %jmp/1 T_10.9, 8;
T_10.8 ; End of true expr.
    %load/vec4 v000001f1e8236080_0;
    %jmp/0 T_10.9, 8;
 ; End of false expr.
    %blend;
T_10.9;
    %store/vec4 v000001f1e8236e40_0, 0, 32;
    %load/vec4 v000001f1e8233f60_0;
    %store/vec4 v000001f1e8236120_0, 0, 1;
    %jmp T_10.5;
T_10.2 ;
    %load/vec4 v000001f1e8234aa0_0;
    %store/vec4 v000001f1e8236e40_0, 0, 32;
    %pushi/vec4 0, 0, 1;
    %store/vec4 v000001f1e8236120_0, 0, 1;
    %jmp T_10.5;
T_10.3 ;
    %load/vec4 v000001f1e82340a0_0;
    %store/vec4 v000001f1e8236e40_0, 0, 32;
    %load/vec4 v000001f1e8234820_0;
    %store/vec4 v000001f1e8236120_0, 0, 1;
    %jmp T_10.5;
T_10.5 ;
    %pop/vec4 1;
    %jmp T_10;
    .thread T_10, $push;
    .scope S_000001f1e80de390;
T_11 ;
    %wait E_000001f1e819e580;
    %load/vec4 v000001f1e8236440_0;
    %flag_set/vec4 8;
    %jmp/0xz  T_11.0, 8;
    %pushi/vec4 0, 0, 1;
    %assign/vec4 v000001f1e8234640_0, 0;
    %pushi/vec4 0, 0, 32;
    %assign/vec4 v000001f1e8234780_0, 0;
    %pushi/vec4 0, 0, 1;
    %assign/vec4 v000001f1e8233e20_0, 0;
    %pushi/vec4 0, 0, 1;
    %assign/vec4 v000001f1e82377a0_0, 0;
    %jmp T_11.1;
T_11.0 ;
    %load/vec4 v000001f1e8237a20_0;
    %flag_set/vec4 8;
    %flag_get/vec4 8;
    %jmp/0 T_11.2, 8;
    %load/vec4 v000001f1e8236ee0_0;
    %and;
T_11.2;
    %assign/vec4 v000001f1e8234640_0, 0;
    %load/vec4 v000001f1e8234460_0;
    %assign/vec4 v000001f1e8234780_0, 0;
    %load/vec4 v000001f1e8237a20_0;
    %flag_set/vec4 8;
    %flag_get/vec4 8;
    %jmp/0 T_11.3, 8;
    %load/vec4 v000001f1e8236ee0_0;
    %and;
T_11.3;
    %assign/vec4 v000001f1e82377a0_0, 0;
    %load/vec4 v000001f1e8237a20_0;
    %flag_set/vec4 9;
    %flag_get/vec4 9;
    %jmp/0 T_11.5, 9;
    %load/vec4 v000001f1e8236ee0_0;
    %and;
T_11.5;
    %flag_set/vec4 8;
    %flag_get/vec4 8;
    %jmp/0 T_11.4, 8;
    %load/vec4 v000001f1e8235cc0_0;
    %flag_set/vec4 9;
    %flag_get/vec4 9;
    %jmp/0 T_11.7, 9;
    %load/vec4 v000001f1e8233ec0_0;
    %and;
T_11.7;
    %flag_set/vec4 8;
    %flag_get/vec4 8;
    %jmp/1 T_11.6, 8;
    %load/vec4 v000001f1e822ee40_0;
    %cmpi/e 17, 0, 6;
    %flag_get/vec4 4;
    %jmp/0 T_11.8, 4;
    %load/vec4 v000001f1e8234d20_0;
    %and;
T_11.8;
    %or;
T_11.6;
    %and;
T_11.4;
    %assign/vec4 v000001f1e8233e20_0, 0;
T_11.1 ;
    %jmp T_11;
    .thread T_11;
    .scope S_000001f1e80acdb0;
T_12 ;
    %pushi/vec4 0, 0, 1;
    %store/vec4 v000001f1e8237160_0, 0, 1;
    %pushi/vec4 1, 0, 1;
    %store/vec4 v000001f1e8235f40_0, 0, 1;
    %delay 13000, 0;
    %pushi/vec4 0, 0, 1;
    %store/vec4 v000001f1e8235f40_0, 0, 1;
    %end;
    .thread T_12;
    .scope S_000001f1e80acdb0;
T_13 ;
    %delay 5000, 0;
    %load/vec4 v000001f1e8237160_0;
    %inv;
    %store/vec4 v000001f1e8237160_0, 0, 1;
    %jmp T_13;
    .thread T_13;
    .scope S_000001f1e80acdb0;
T_14 ;
    %pushi/vec4 0, 0, 1;
    %store/vec4 v000001f1e82361c0_0, 0, 1;
    %pushi/vec4 0, 0, 32;
    %store/vec4 v000001f1e82364e0_0, 0, 32;
    %pushi/vec4 0, 0, 32;
    %store/vec4 v000001f1e8236c60_0, 0, 32;
    %pushi/vec4 0, 0, 6;
    %store/vec4 v000001f1e8235680_0, 0, 6;
    %delay 20000, 0;
    %pushi/vec4 15, 0, 32;
    %store/vec4 v000001f1e81afbc0_0, 0, 32;
    %pushi/vec4 10, 0, 32;
    %store/vec4 v000001f1e81aee00_0, 0, 32;
    %pushi/vec4 8, 0, 6;
    %store/vec4 v000001f1e81ae680_0, 0, 6;
    %fork TD_tb_ALU.drive_alu, S_000001f1e80acf40;
    %join;
    %fork TD_tb_ALU.wait_done, S_000001f1e80529e0;
    %join;
    %pushi/vec4 4294967295, 0, 32;
    %store/vec4 v000001f1e81afbc0_0, 0, 32;
    %pushi/vec4 1, 0, 32;
    %store/vec4 v000001f1e81aee00_0, 0, 32;
    %pushi/vec4 8, 0, 6;
    %store/vec4 v000001f1e81ae680_0, 0, 6;
    %fork TD_tb_ALU.drive_alu, S_000001f1e80acf40;
    %join;
    %fork TD_tb_ALU.wait_done, S_000001f1e80529e0;
    %join;
    %pushi/vec4 0, 0, 32;
    %store/vec4 v000001f1e81afbc0_0, 0, 32;
    %pushi/vec4 0, 0, 32;
    %store/vec4 v000001f1e81aee00_0, 0, 32;
    %pushi/vec4 8, 0, 6;
    %store/vec4 v000001f1e81ae680_0, 0, 6;
    %fork TD_tb_ALU.drive_alu, S_000001f1e80acf40;
    %join;
    %fork TD_tb_ALU.wait_done, S_000001f1e80529e0;
    %join;
    %pushi/vec4 20, 0, 32;
    %store/vec4 v000001f1e81afbc0_0, 0, 32;
    %pushi/vec4 7, 0, 32;
    %store/vec4 v000001f1e81aee00_0, 0, 32;
    %pushi/vec4 9, 0, 6;
    %store/vec4 v000001f1e81ae680_0, 0, 6;
    %fork TD_tb_ALU.drive_alu, S_000001f1e80acf40;
    %join;
    %fork TD_tb_ALU.wait_done, S_000001f1e80529e0;
    %join;
    %pushi/vec4 0, 0, 32;
    %store/vec4 v000001f1e81afbc0_0, 0, 32;
    %pushi/vec4 1, 0, 32;
    %store/vec4 v000001f1e81aee00_0, 0, 32;
    %pushi/vec4 9, 0, 6;
    %store/vec4 v000001f1e81ae680_0, 0, 6;
    %fork TD_tb_ALU.drive_alu, S_000001f1e80acf40;
    %join;
    %fork TD_tb_ALU.wait_done, S_000001f1e80529e0;
    %join;
    %pushi/vec4 42, 0, 32;
    %store/vec4 v000001f1e81afbc0_0, 0, 32;
    %pushi/vec4 42, 0, 32;
    %store/vec4 v000001f1e81aee00_0, 0, 32;
    %pushi/vec4 9, 0, 6;
    %store/vec4 v000001f1e81ae680_0, 0, 6;
    %fork TD_tb_ALU.drive_alu, S_000001f1e80acf40;
    %join;
    %fork TD_tb_ALU.wait_done, S_000001f1e80529e0;
    %join;
    %pushi/vec4 2779096485, 0, 32;
    %store/vec4 v000001f1e81afbc0_0, 0, 32;
    %pushi/vec4 1515870810, 0, 32;
    %store/vec4 v000001f1e81aee00_0, 0, 32;
    %pushi/vec4 0, 0, 6;
    %store/vec4 v000001f1e81ae680_0, 0, 6;
    %fork TD_tb_ALU.drive_alu, S_000001f1e80acf40;
    %join;
    %fork TD_tb_ALU.wait_done, S_000001f1e80529e0;
    %join;
    %pushi/vec4 3735928559, 0, 32;
    %store/vec4 v000001f1e81afbc0_0, 0, 32;
    %pushi/vec4 3735928559, 0, 32;
    %store/vec4 v000001f1e81aee00_0, 0, 32;
    %pushi/vec4 0, 0, 6;
    %store/vec4 v000001f1e81ae680_0, 0, 6;
    %fork TD_tb_ALU.drive_alu, S_000001f1e80acf40;
    %join;
    %fork TD_tb_ALU.wait_done, S_000001f1e80529e0;
    %join;
    %pushi/vec4 4042322160, 0, 32;
    %store/vec4 v000001f1e81afbc0_0, 0, 32;
    %pushi/vec4 252645135, 0, 32;
    %store/vec4 v000001f1e81aee00_0, 0, 32;
    %pushi/vec4 1, 0, 6;
    %store/vec4 v000001f1e81ae680_0, 0, 6;
    %fork TD_tb_ALU.drive_alu, S_000001f1e80acf40;
    %join;
    %fork TD_tb_ALU.wait_done, S_000001f1e80529e0;
    %join;
    %pushi/vec4 0, 0, 32;
    %store/vec4 v000001f1e81afbc0_0, 0, 32;
    %pushi/vec4 0, 0, 32;
    %store/vec4 v000001f1e81aee00_0, 0, 32;
    %pushi/vec4 1, 0, 6;
    %store/vec4 v000001f1e81ae680_0, 0, 6;
    %fork TD_tb_ALU.drive_alu, S_000001f1e80acf40;
    %join;
    %fork TD_tb_ALU.wait_done, S_000001f1e80529e0;
    %join;
    %pushi/vec4 4294967295, 0, 32;
    %store/vec4 v000001f1e81afbc0_0, 0, 32;
    %pushi/vec4 2779096485, 0, 32;
    %store/vec4 v000001f1e81aee00_0, 0, 32;
    %pushi/vec4 2, 0, 6;
    %store/vec4 v000001f1e81ae680_0, 0, 6;
    %fork TD_tb_ALU.drive_alu, S_000001f1e80acf40;
    %join;
    %fork TD_tb_ALU.wait_done, S_000001f1e80529e0;
    %join;
    %pushi/vec4 4042322160, 0, 32;
    %store/vec4 v000001f1e81afbc0_0, 0, 32;
    %pushi/vec4 252645135, 0, 32;
    %store/vec4 v000001f1e81aee00_0, 0, 32;
    %pushi/vec4 2, 0, 6;
    %store/vec4 v000001f1e81ae680_0, 0, 6;
    %fork TD_tb_ALU.drive_alu, S_000001f1e80acf40;
    %join;
    %fork TD_tb_ALU.wait_done, S_000001f1e80529e0;
    %join;
    %pushi/vec4 1, 0, 32;
    %store/vec4 v000001f1e81afbc0_0, 0, 32;
    %pushi/vec4 4, 0, 32;
    %store/vec4 v000001f1e81aee00_0, 0, 32;
    %pushi/vec4 4, 0, 6;
    %store/vec4 v000001f1e81ae680_0, 0, 6;
    %fork TD_tb_ALU.drive_alu, S_000001f1e80acf40;
    %join;
    %fork TD_tb_ALU.wait_done, S_000001f1e80529e0;
    %join;
    %pushi/vec4 4294967295, 0, 32;
    %store/vec4 v000001f1e81afbc0_0, 0, 32;
    %pushi/vec4 1, 0, 32;
    %store/vec4 v000001f1e81aee00_0, 0, 32;
    %pushi/vec4 4, 0, 6;
    %store/vec4 v000001f1e81ae680_0, 0, 6;
    %fork TD_tb_ALU.drive_alu, S_000001f1e80acf40;
    %join;
    %fork TD_tb_ALU.wait_done, S_000001f1e80529e0;
    %join;
    %pushi/vec4 16, 0, 32;
    %store/vec4 v000001f1e81afbc0_0, 0, 32;
    %pushi/vec4 4, 0, 32;
    %store/vec4 v000001f1e81aee00_0, 0, 32;
    %pushi/vec4 5, 0, 6;
    %store/vec4 v000001f1e81ae680_0, 0, 6;
    %fork TD_tb_ALU.drive_alu, S_000001f1e80acf40;
    %join;
    %fork TD_tb_ALU.wait_done, S_000001f1e80529e0;
    %join;
    %pushi/vec4 4294967295, 0, 32;
    %store/vec4 v000001f1e81afbc0_0, 0, 32;
    %pushi/vec4 1, 0, 32;
    %store/vec4 v000001f1e81aee00_0, 0, 32;
    %pushi/vec4 5, 0, 6;
    %store/vec4 v000001f1e81ae680_0, 0, 6;
    %fork TD_tb_ALU.drive_alu, S_000001f1e80acf40;
    %join;
    %fork TD_tb_ALU.wait_done, S_000001f1e80529e0;
    %join;
    %pushi/vec4 4294967295, 0, 32;
    %store/vec4 v000001f1e81afbc0_0, 0, 32;
    %pushi/vec4 4, 0, 32;
    %store/vec4 v000001f1e81aee00_0, 0, 32;
    %pushi/vec4 16, 0, 6;
    %store/vec4 v000001f1e81ae680_0, 0, 6;
    %fork TD_tb_ALU.drive_alu, S_000001f1e80acf40;
    %join;
    %fork TD_tb_ALU.wait_done, S_000001f1e80529e0;
    %join;
    %pushi/vec4 16, 0, 32;
    %store/vec4 v000001f1e81afbc0_0, 0, 32;
    %pushi/vec4 4, 0, 32;
    %store/vec4 v000001f1e81aee00_0, 0, 32;
    %pushi/vec4 16, 0, 6;
    %store/vec4 v000001f1e81ae680_0, 0, 6;
    %fork TD_tb_ALU.drive_alu, S_000001f1e80acf40;
    %join;
    %fork TD_tb_ALU.wait_done, S_000001f1e80529e0;
    %join;
    %pushi/vec4 5, 0, 32;
    %store/vec4 v000001f1e81afbc0_0, 0, 32;
    %pushi/vec4 10, 0, 32;
    %store/vec4 v000001f1e81aee00_0, 0, 32;
    %pushi/vec4 15, 0, 6;
    %store/vec4 v000001f1e81ae680_0, 0, 6;
    %fork TD_tb_ALU.drive_alu, S_000001f1e80acf40;
    %join;
    %fork TD_tb_ALU.wait_done, S_000001f1e80529e0;
    %join;
    %pushi/vec4 10, 0, 32;
    %store/vec4 v000001f1e81afbc0_0, 0, 32;
    %pushi/vec4 5, 0, 32;
    %store/vec4 v000001f1e81aee00_0, 0, 32;
    %pushi/vec4 15, 0, 6;
    %store/vec4 v000001f1e81ae680_0, 0, 6;
    %fork TD_tb_ALU.drive_alu, S_000001f1e80acf40;
    %join;
    %fork TD_tb_ALU.wait_done, S_000001f1e80529e0;
    %join;
    %pushi/vec4 4294967295, 0, 32;
    %store/vec4 v000001f1e81afbc0_0, 0, 32;
    %pushi/vec4 1, 0, 32;
    %store/vec4 v000001f1e81aee00_0, 0, 32;
    %pushi/vec4 15, 0, 6;
    %store/vec4 v000001f1e81ae680_0, 0, 6;
    %fork TD_tb_ALU.drive_alu, S_000001f1e80acf40;
    %join;
    %fork TD_tb_ALU.wait_done, S_000001f1e80529e0;
    %join;
    %pushi/vec4 5, 0, 32;
    %store/vec4 v000001f1e81afbc0_0, 0, 32;
    %pushi/vec4 10, 0, 32;
    %store/vec4 v000001f1e81aee00_0, 0, 32;
    %pushi/vec4 47, 0, 6;
    %store/vec4 v000001f1e81ae680_0, 0, 6;
    %fork TD_tb_ALU.drive_alu, S_000001f1e80acf40;
    %join;
    %fork TD_tb_ALU.wait_done, S_000001f1e80529e0;
    %join;
    %pushi/vec4 4294967295, 0, 32;
    %store/vec4 v000001f1e81afbc0_0, 0, 32;
    %pushi/vec4 1, 0, 32;
    %store/vec4 v000001f1e81aee00_0, 0, 32;
    %pushi/vec4 47, 0, 6;
    %store/vec4 v000001f1e81ae680_0, 0, 6;
    %fork TD_tb_ALU.drive_alu, S_000001f1e80acf40;
    %join;
    %fork TD_tb_ALU.wait_done, S_000001f1e80529e0;
    %join;
    %pushi/vec4 3, 0, 32;
    %store/vec4 v000001f1e81afbc0_0, 0, 32;
    %pushi/vec4 5, 0, 32;
    %store/vec4 v000001f1e81aee00_0, 0, 32;
    %pushi/vec4 10, 0, 6;
    %store/vec4 v000001f1e81ae680_0, 0, 6;
    %fork TD_tb_ALU.drive_alu, S_000001f1e80acf40;
    %join;
    %fork TD_tb_ALU.wait_done, S_000001f1e80529e0;
    %join;
    %pushi/vec4 0, 0, 32;
    %store/vec4 v000001f1e81afbc0_0, 0, 32;
    %pushi/vec4 999, 0, 32;
    %store/vec4 v000001f1e81aee00_0, 0, 32;
    %pushi/vec4 10, 0, 6;
    %store/vec4 v000001f1e81ae680_0, 0, 6;
    %fork TD_tb_ALU.drive_alu, S_000001f1e80acf40;
    %join;
    %fork TD_tb_ALU.wait_done, S_000001f1e80529e0;
    %join;
    %pushi/vec4 1000, 0, 32;
    %store/vec4 v000001f1e81afbc0_0, 0, 32;
    %pushi/vec4 1000, 0, 32;
    %store/vec4 v000001f1e81aee00_0, 0, 32;
    %pushi/vec4 10, 0, 6;
    %store/vec4 v000001f1e81ae680_0, 0, 6;
    %fork TD_tb_ALU.drive_alu, S_000001f1e80acf40;
    %join;
    %fork TD_tb_ALU.wait_done, S_000001f1e80529e0;
    %join;
    %pushi/vec4 4294967295, 0, 32;
    %store/vec4 v000001f1e81afbc0_0, 0, 32;
    %pushi/vec4 2, 0, 32;
    %store/vec4 v000001f1e81aee00_0, 0, 32;
    %pushi/vec4 10, 0, 6;
    %store/vec4 v000001f1e81ae680_0, 0, 6;
    %fork TD_tb_ALU.drive_alu, S_000001f1e80acf40;
    %join;
    %fork TD_tb_ALU.wait_done, S_000001f1e80529e0;
    %join;
    %pushi/vec4 4294967295, 0, 32;
    %store/vec4 v000001f1e81afbc0_0, 0, 32;
    %pushi/vec4 4294967295, 0, 32;
    %store/vec4 v000001f1e81aee00_0, 0, 32;
    %pushi/vec4 42, 0, 6;
    %store/vec4 v000001f1e81ae680_0, 0, 6;
    %fork TD_tb_ALU.drive_alu, S_000001f1e80acf40;
    %join;
    %fork TD_tb_ALU.wait_done, S_000001f1e80529e0;
    %join;
    %pushi/vec4 4294967295, 0, 32;
    %store/vec4 v000001f1e81afbc0_0, 0, 32;
    %pushi/vec4 4294967295, 0, 32;
    %store/vec4 v000001f1e81aee00_0, 0, 32;
    %pushi/vec4 11, 0, 6;
    %store/vec4 v000001f1e81ae680_0, 0, 6;
    %fork TD_tb_ALU.drive_alu, S_000001f1e80acf40;
    %join;
    %fork TD_tb_ALU.wait_done, S_000001f1e80529e0;
    %join;
    %pushi/vec4 2147483648, 0, 32;
    %store/vec4 v000001f1e81afbc0_0, 0, 32;
    %pushi/vec4 2, 0, 32;
    %store/vec4 v000001f1e81aee00_0, 0, 32;
    %pushi/vec4 11, 0, 6;
    %store/vec4 v000001f1e81ae680_0, 0, 6;
    %fork TD_tb_ALU.drive_alu, S_000001f1e80acf40;
    %join;
    %fork TD_tb_ALU.wait_done, S_000001f1e80529e0;
    %join;
    %pushi/vec4 4294967295, 0, 32;
    %store/vec4 v000001f1e81afbc0_0, 0, 32;
    %pushi/vec4 4294967295, 0, 32;
    %store/vec4 v000001f1e81aee00_0, 0, 32;
    %pushi/vec4 43, 0, 6;
    %store/vec4 v000001f1e81ae680_0, 0, 6;
    %fork TD_tb_ALU.drive_alu, S_000001f1e80acf40;
    %join;
    %fork TD_tb_ALU.wait_done, S_000001f1e80529e0;
    %join;
    %pushi/vec4 20, 0, 32;
    %store/vec4 v000001f1e81afbc0_0, 0, 32;
    %pushi/vec4 4, 0, 32;
    %store/vec4 v000001f1e81aee00_0, 0, 32;
    %pushi/vec4 12, 0, 6;
    %store/vec4 v000001f1e81ae680_0, 0, 6;
    %fork TD_tb_ALU.drive_alu, S_000001f1e80acf40;
    %join;
    %fork TD_tb_ALU.wait_done, S_000001f1e80529e0;
    %join;
    %pushi/vec4 7, 0, 32;
    %store/vec4 v000001f1e81afbc0_0, 0, 32;
    %pushi/vec4 2, 0, 32;
    %store/vec4 v000001f1e81aee00_0, 0, 32;
    %pushi/vec4 12, 0, 6;
    %store/vec4 v000001f1e81ae680_0, 0, 6;
    %fork TD_tb_ALU.drive_alu, S_000001f1e80acf40;
    %join;
    %fork TD_tb_ALU.wait_done, S_000001f1e80529e0;
    %join;
    %pushi/vec4 4294967276, 0, 32;
    %store/vec4 v000001f1e81afbc0_0, 0, 32;
    %pushi/vec4 4, 0, 32;
    %store/vec4 v000001f1e81aee00_0, 0, 32;
    %pushi/vec4 12, 0, 6;
    %store/vec4 v000001f1e81ae680_0, 0, 6;
    %fork TD_tb_ALU.drive_alu, S_000001f1e80acf40;
    %join;
    %fork TD_tb_ALU.wait_done, S_000001f1e80529e0;
    %join;
    %pushi/vec4 4294967295, 0, 32;
    %store/vec4 v000001f1e81afbc0_0, 0, 32;
    %pushi/vec4 2, 0, 32;
    %store/vec4 v000001f1e81aee00_0, 0, 32;
    %pushi/vec4 44, 0, 6;
    %store/vec4 v000001f1e81ae680_0, 0, 6;
    %fork TD_tb_ALU.drive_alu, S_000001f1e80acf40;
    %join;
    %fork TD_tb_ALU.wait_done, S_000001f1e80529e0;
    %join;
    %pushi/vec4 7, 0, 32;
    %store/vec4 v000001f1e81afbc0_0, 0, 32;
    %pushi/vec4 3, 0, 32;
    %store/vec4 v000001f1e81aee00_0, 0, 32;
    %pushi/vec4 13, 0, 6;
    %store/vec4 v000001f1e81ae680_0, 0, 6;
    %fork TD_tb_ALU.drive_alu, S_000001f1e80acf40;
    %join;
    %fork TD_tb_ALU.wait_done, S_000001f1e80529e0;
    %join;
    %pushi/vec4 4294967289, 0, 32;
    %store/vec4 v000001f1e81afbc0_0, 0, 32;
    %pushi/vec4 3, 0, 32;
    %store/vec4 v000001f1e81aee00_0, 0, 32;
    %pushi/vec4 13, 0, 6;
    %store/vec4 v000001f1e81ae680_0, 0, 6;
    %fork TD_tb_ALU.drive_alu, S_000001f1e80acf40;
    %join;
    %fork TD_tb_ALU.wait_done, S_000001f1e80529e0;
    %join;
    %pushi/vec4 4294967295, 0, 32;
    %store/vec4 v000001f1e81afbc0_0, 0, 32;
    %pushi/vec4 3, 0, 32;
    %store/vec4 v000001f1e81aee00_0, 0, 32;
    %pushi/vec4 45, 0, 6;
    %store/vec4 v000001f1e81ae680_0, 0, 6;
    %fork TD_tb_ALU.drive_alu, S_000001f1e80acf40;
    %join;
    %fork TD_tb_ALU.wait_done, S_000001f1e80529e0;
    %join;
    %delay 30000, 0;
    %vpi_call 2 164 "$finish" {0 0 0};
    %end;
    .thread T_14;
    .scope S_000001f1e80acdb0;
T_15 ;
    %vpi_call 2 168 "$dumpfile", "tb_ALU.vcd" {0 0 0};
    %vpi_call 2 169 "$dumpvars", 32'sb00000000000000000000000000000000, S_000001f1e80acdb0 {0 0 0};
    %end;
    .thread T_15;
# The file index is used to find the file name in the following table.
:file_names 11;
    "N/A";
    "<interactive>";
    ".\tb_ALU.v";
    ".\ALU.v";
    "./divider.v";
    "./fpToInt.v";
    "./fp_addsub.v";
    "./fpdivision.v";
    "./fpmult.v";
    "./intToFp.v";
    "./multiplier.v";
